population_group_id,population_group_name,measure_id,measure_name,location_id,location_name,sex_id,sex_name,age_id,age_name,cause_id,cause_name,rei_id,rei_name,metric_id,metric_name,year,val,upper,lower
1,All Population,1,Deaths,16,Philippines,3,Both,10,25-29 years,509,Chronic obstructive pulmonary disease,86,Ambient particulate matter pollution,1,Number,2023,13.280606896242166,20.899138554625246,8.557091683832759
1,All Population,1,Deaths,16,Philippines,3,Both,10,25-29 years,509,Chronic obstructive pulmonary disease,86,Ambient particulate matter pollution,2,Percent,2023,0.18064277357998243,0.21861514577900928,0.1474809200853898
1,All Population,1,Deaths,16,Philippines,3,Both,10,25-29 years,509,Chronic obstructive pulmonary disease,86,Ambient particulate matter pollution,3,Rate,2023,0.13526467247605659,0.21286038760947013,0.08715506851488389
1,All Population,1,Deaths,16,Philippines,3,Both,11,30-34 years,509,Chronic obstructive pulmonary disease,86,Ambient particulate matter pollution,1,Number,2023,19.492949098599674,28.97460270084072,12.402364012348716
1,All Population,1,Deaths,16,Philippines,3,Both,11,30-34 years,509,Chronic obstructive pulmonary disease,86,Ambient particulate matter pollution,2,Percent,2023,0.18134740097691043,0.21996231838310443,0.1491321575418934
1,All Population,1,Deaths,16,Philippines,3,Both,11,30-34 years,509,Chronic obstructive pulmonary disease,86,Ambient particulate matter pollution,3,Rate,2023,0.21714129649370392,0.32276197737070494,0.13815587305985014
1,All Population,1,Deaths,16,Philippines,3,Both,12,35-39 years,509,Chronic obstructive pulmonary disease,86,Ambient particulate matter pollution,1,Number,2023,27.328182144843417,41.52757712422466,17.919343452599115
1,All Population,1,Deaths,16,Philippines,3,Both,12,35-39 years,509,Chronic obstructive pulmonary disease,86,Ambient particulate matter pollution,2,Percent,2023,0.18061958945565068,0.2174580861195085,0.1492924499398815
1,All Population,1,Deaths,16,Philippines,3,Both,12,35-39 years,509,Chronic obstructive pulmonary disease,86,Ambient particulate matter pollution,3,Rate,2023,0.3522951838909837,0.535343527131983,0.23100323187908403
1,All Population,1,Deaths,16,Philippines,3,Both,13,40-44 years,509,Chronic obstructive pulmonary disease,86,Ambient particulate matter pollution,1,Number,2023,43.3246899903182,63.812592290486016,28.72519621002366
1,All Population,1,Deaths,16,Philippines,3,Both,13,40-44 years,509,Chronic obstructive pulmonary disease,86,Ambient particulate matter pollution,2,Percent,2023,0.18141688949239737,0.21925119279908484,0.14955652214545573
1,All Population,1,Deaths,16,Philippines,3,Both,13,40-44 years,509,Chronic obstructive pulmonary disease,86,Ambient particulate matter pollution,3,Rate,2023,0.6130171510901447,0.9029081001694985,0.4064434840528402
1,All Population,1,Deaths,16,Philippines,3,Both,14,45-49 years,509,Chronic obstructive pulmonary disease,86,Ambient particulate matter pollution,1,Number,2023,69.34082527516627,99.28694614017334,47.379361792520875
1,All Population,1,Deaths,16,Philippines,3,Both,14,45-49 years,509,Chronic obstructive pulmonary disease,86,Ambient particulate matter pollution,2,Percent,2023,0.17982628646084323,0.21610587075784526,0.14748203701001275
1,All Population,1,Deaths,16,Philippines,3,Both,14,45-49 years,509,Chronic obstructive pulmonary disease,86,Ambient particulate matter pollution,3,Rate,2023,1.1534461625464774,1.6515832709213036,0.7881294003441371
1,All Population,1,Deaths,16,Philippines,3,Both,15,50-54 years,509,Chronic obstructive pulmonary disease,86,Ambient particulate matter pollution,1,Number,2023,127.75196094425618,176.05892357590585,86.00516996747669
1,All Population,1,Deaths,16,Philippines,3,Both,15,50-54 years,509,Chronic obstructive pulmonary disease,86,Ambient particulate matter pollution,2,Percent,2023,0.17921464078418264,0.21558051860546593,0.1466423463011023
1,All Population,1,Deaths,16,Philippines,3,Both,15,50-54 years,509,Chronic obstructive pulmonary disease,86,Ambient particulate matter pollution,3,Rate,2023,2.402622014529581,3.3111276140992296,1.6174930952127091
1,All Population,1,Deaths,16,Philippines,3,Both,16,55-59 years,509,Chronic obstructive pulmonary disease,86,Ambient particulate matter pollution,1,Number,2023,199.70537157284897,276.1427026306034,145.86717883418436
1,All Population,1,Deaths,16,Philippines,3,Both,16,55-59 years,509,Chronic obstructive pulmonary disease,86,Ambient particulate matter pollution,2,Percent,2023,0.17787859086882485,0.2132087719277255,0.14657042041543208
1,All Population,1,Deaths,16,Philippines,3,Both,16,55-59 years,509,Chronic obstructive pulmonary disease,86,Ambient particulate matter pollution,3,Rate,2023,4.498250316060956,6.219957878964312,3.285575536231576
1,All Population,1,Deaths,16,Philippines,3,Both,17,60-64 years,509,Chronic obstructive pulmonary disease,86,Ambient particulate matter pollution,1,Number,2023,363.91940930054244,496.7246400750791,263.27357853669685
1,All Population,1,Deaths,16,Philippines,3,Both,17,60-64 years,509,Chronic obstructive pulmonary disease,86,Ambient particulate matter pollution,2,Percent,2023,0.17688957060637656,0.2131987767410249,0.14588070277339604
1,All Population,1,Deaths,16,Philippines,3,Both,17,60-64 years,509,Chronic obstructive pulmonary disease,86,Ambient particulate matter pollution,3,Rate,2023,9.826538811238953,13.412540879800746,7.108903706007312
1,All Population,1,Deaths,16,Philippines,3,Both,18,65-69 years,509,Chronic obstructive pulmonary disease,86,Ambient particulate matter pollution,1,Number,2023,532.3521836407292,710.186946697539,383.9689263062458
1,All Population,1,Deaths,16,Philippines,3,Both,18,65-69 years,509,Chronic obstructive pulmonary disease,86,Ambient particulate matter pollution,2,Percent,2023,0.1753777572903466,0.21187433620343304,0.1445329859850922
1,All Population,1,Deaths,16,Philippines,3,Both,18,65-69 years,509,Chronic obstructive pulmonary disease,86,Ambient particulate matter pollution,3,Rate,2023,19.26748718064356,25.70388233927092,13.897033942409585
1,All Population,1,Deaths,16,Philippines,3,Both,19,70-74 years,509,Chronic obstructive pulmonary disease,86,Ambient particulate matter pollution,1,Number,2023,654.9009704704937,899.1875381883522,485.0453290794256
1,All Population,1,Deaths,16,Philippines,3,Both,19,70-74 years,509,Chronic obstructive pulmonary disease,86,Ambient particulate matter pollution,2,Percent,2023,0.17517217012200212,0.21043872944464517,0.14359885865425884
1,All Population,1,Deaths,16,Philippines,3,Both,19,70-74 years,509,Chronic obstructive pulmonary disease,86,Ambient particulate matter pollution,3,Rate,2023,35.828579121550135,49.19310446883019,26.53605008093893
1,All Population,1,Deaths,16,Philippines,3,Both,20,75-79 years,509,Chronic obstructive pulmonary disease,86,Ambient particulate matter pollution,1,Number,2023,608.8086146567225,818.866780375045,432.3752656455373
1,All Population,1,Deaths,16,Philippines,3,Both,20,75-79 years,509,Chronic obstructive pulmonary disease,86,Ambient particulate matter pollution,2,Percent,2023,0.1752185704493142,0.21107040647530528,0.14373899336147655
1,All Population,1,Deaths,16,Philippines,3,Both,20,75-79 years,509,Chronic obstructive pulmonary disease,86,Ambient particulate matter pollution,3,Rate,2023,57.54213975581479,77.39599207922382,40.86636976508874
1,All Population,1,Deaths,16,Philippines,3,Both,21,80+ years,509,Chronic obstructive pulmonary disease,86,Ambient particulate matter pollution,1,Number,2023,993.3919120098393,1408.5460858651154,681.2651386718675
1,All Population,1,Deaths,16,Philippines,3,Both,21,80+ years,509,Chronic obstructive pulmonary disease,86,Ambient particulate matter pollution,2,Percent,2023,0.17193280492551943,0.2093921614762001,0.1398069355487312
1,All Population,1,Deaths,16,Philippines,3,Both,21,80+ years,509,Chronic obstructive pulmonary disease,86,Ambient particulate matter pollution,3,Rate,2023,100.69668206015227,142.7794163216688,69.0574769515811
1,All Population,1,Deaths,16,Philippines,3,Both,22,All ages,509,Chronic obstructive pulmonary disease,86,Ambient particulate matter pollution,1,Number,2023,3653.5976760005997,4906.479912801007,2621.3786746557425
1,All Population,1,Deaths,16,Philippines,3,Both,22,All ages,509,Chronic obstructive pulmonary disease,86,Ambient particulate matter pollution,2,Percent,2023,0.174319073919454,0.21053570822447953,0.1429414640176605
1,All Population,1,Deaths,16,Philippines,3,Both,22,All ages,509,Chronic obstructive pulmonary disease,86,Ambient particulate matter pollution,3,Rate,2023,3.1905951552442295,4.2847057687594825,2.289184207214766
1,All Population,1,Deaths,16,Philippines,3,Both,24,15-49 years,509,Chronic obstructive pulmonary disease,86,Ambient particulate matter pollution,1,Number,2023,172.76725340516978,251.12278333612312,114.26165507807022
1,All Population,1,Deaths,16,Philippines,3,Both,24,15-49 years,509,Chronic obstructive pulmonary disease,86,Ambient particulate matter pollution,2,Percent,2023,0.16619916800010553,0.20097813666397923,0.13697640202989927
1,All Population,1,Deaths,16,Philippines,3,Both,24,15-49 years,509,Chronic obstructive pulmonary disease,86,Ambient particulate matter pollution,3,Rate,2023,0.2819393042100889,0.40980788552009745,0.18646387492804997
1,All Population,1,Deaths,16,Philippines,3,Both,25,50-69 years,509,Chronic obstructive pulmonary disease,86,Ambient particulate matter pollution,1,Number,2023,1223.7289254583773,1648.2327213019776,877.6607735876852
1,All Population,1,Deaths,16,Philippines,3,Both,25,50-69 years,509,Chronic obstructive pulmonary disease,86,Ambient particulate matter pollution,2,Percent,2023,0.17662611589352933,0.2129022712245554,0.14566731975639552
1,All Population,1,Deaths,16,Philippines,3,Both,25,50-69 years,509,Chronic obstructive pulmonary disease,86,Ambient particulate matter pollution,3,Rate,2023,7.5430784623982525,10.159724496514642,5.409910594424562
1,All Population,1,Deaths,16,Philippines,3,Both,26,70+ years,509,Chronic obstructive pulmonary disease,86,Ambient particulate matter pollution,1,Number,2023,2257.101497137055,3073.2084254651754,1614.8160825865061
1,All Population,1,Deaths,16,Philippines,3,Both,26,70+ years,509,Chronic obstructive pulmonary disease,86,Ambient particulate matter pollution,2,Percent,2023,0.1737431952898597,0.2101368141163925,0.1419656900456227
1,All Population,1,Deaths,16,Philippines,3,Both,26,70+ years,509,Chronic obstructive pulmonary disease,86,Ambient particulate matter pollution,3,Rate,2023,58.28667329728506,79.36155981322075,41.70049843142082
1,All Population,1,Deaths,16,Philippines,3,Both,27,Age-standardized,509,Chronic obstructive pulmonary disease,86,Ambient particulate matter pollution,2,Percent,2023,0.17384145750358573,0.2104141448109119,0.14228092669969214
1,All Population,1,Deaths,16,Philippines,3,Both,27,Age-standardized,509,Chronic obstructive pulmonary disease,86,Ambient particulate matter pollution,3,Rate,2023,5.255045961162828,7.191769785784043,3.7639520188350364
1,All Population,1,Deaths,16,Philippines,3,Both,30,80-84 years,509,Chronic obstructive pulmonary disease,86,Ambient particulate matter pollution,1,Number,2023,497.3539513024493,695.929556446892,339.84884787327434
1,All Population,1,Deaths,16,Philippines,3,Both,30,80-84 years,509,Chronic obstructive pulmonary disease,86,Ambient particulate matter pollution,2,Percent,2023,0.17230643468451864,0.2083690701780435,0.14021717374330628
1,All Population,1,Deaths,16,Philippines,3,Both,30,80-84 years,509,Chronic obstructive pulmonary disease,86,Ambient particulate matter pollution,3,Rate,2023,83.65848736932713,117.06032264444381,57.16500386260563
1,All Population,1,Deaths,16,Philippines,3,Both,31,85-89 years,509,Chronic obstructive pulmonary disease,86,Ambient particulate matter pollution,1,Number,2023,331.5905127030168,504.49787231496094,227.9914426793065
1,All Population,1,Deaths,16,Philippines,3,Both,31,85-89 years,509,Chronic obstructive pulmonary disease,86,Ambient particulate matter pollution,2,Percent,2023,0.17297504815195955,0.20990512160325442,0.13952886542214255
1,All Population,1,Deaths,16,Philippines,3,Both,31,85-89 years,509,Chronic obstructive pulmonary disease,86,Ambient particulate matter pollution,3,Rate,2023,117.84113728094269,179.28921592113446,81.02394328668596
1,All Population,1,Deaths,16,Philippines,3,Both,32,90-94 years,509,Chronic obstructive pulmonary disease,86,Ambient particulate matter pollution,1,Number,2023,134.28627977031124,209.08332419048742,86.70198180942445
1,All Population,1,Deaths,16,Philippines,3,Both,32,90-94 years,509,Chronic obstructive pulmonary disease,86,Ambient particulate matter pollution,2,Percent,2023,0.1695475776076826,0.20655165725035113,0.13690944833392885
1,All Population,1,Deaths,16,Philippines,3,Both,32,90-94 years,509,Chronic obstructive pulmonary disease,86,Ambient particulate matter pollution,3,Rate,2023,143.88379774309118,224.02663012731938,92.89862252443187
1,All Population,1,Deaths,16,Philippines,3,Both,37,20+ years,509,Chronic obstructive pulmonary disease,86,Ambient particulate matter pollution,1,Number,2023,3653.5976760005997,4906.479912801007,2621.3786746557425
1,All Population,1,Deaths,16,Philippines,3,Both,37,20+ years,509,Chronic obstructive pulmonary disease,86,Ambient particulate matter pollution,2,Percent,2023,0.17457594610378643,0.21087937551635155,0.1431556317921067
1,All Population,1,Deaths,16,Philippines,3,Both,37,20+ years,509,Chronic obstructive pulmonary disease,86,Ambient particulate matter pollution,3,Rate,2023,5.198804434546764,6.981564964374115,3.7300316802654843
1,All Population,1,Deaths,16,Philippines,3,Both,41,50-74 years,509,Chronic obstructive pulmonary disease,86,Ambient particulate matter pollution,1,Number,2023,1878.6298959288715,2557.561567423143,1355.0393222764537
1,All Population,1,Deaths,16,Philippines,3,Both,41,50-74 years,509,Chronic obstructive pulmonary disease,86,Ambient particulate matter pollution,2,Percent,2023,0.17611495749318712,0.21205815876920892,0.14493399983574162
1,All Population,1,Deaths,16,Philippines,3,Both,41,50-74 years,509,Chronic obstructive pulmonary disease,86,Ambient particulate matter pollution,3,Rate,2023,10.407301429827921,14.168471509581263,7.506695548048887
1,All Population,1,Deaths,16,Philippines,3,Both,157,25+ years,509,Chronic obstructive pulmonary disease,86,Ambient particulate matter pollution,1,Number,2023,3653.5976760005997,4906.479912801007,2621.3786746557425
1,All Population,1,Deaths,16,Philippines,3,Both,157,25+ years,509,Chronic obstructive pulmonary disease,86,Ambient particulate matter pollution,2,Percent,2023,0.17501182217089023,0.21134149103296995,0.1435109199969664
1,All Population,1,Deaths,16,Philippines,3,Both,157,25+ years,509,Chronic obstructive pulmonary disease,86,Ambient particulate matter pollution,3,Rate,2023,6.117142875285756,8.21481764083496,4.388919992047245
1,All Population,1,Deaths,16,Philippines,3,Both,160,85+ years,509,Chronic obstructive pulmonary disease,86,Ambient particulate matter pollution,1,Number,2023,496.0379607073905,732.4713668229854,339.946408904186
1,All Population,1,Deaths,16,Philippines,3,Both,160,85+ years,509,Chronic obstructive pulmonary disease,86,Ambient particulate matter pollution,2,Percent,2023,0.1715780067554882,0.20870778814172192,0.13859315660044352
1,All Population,1,Deaths,16,Philippines,3,Both,160,85+ years,509,Chronic obstructive pulmonary disease,86,Ambient particulate matter pollution,3,Rate,2023,126.53579692379992,186.84829683727568,86.71793928983108
1,All Population,1,Deaths,16,Philippines,3,Both,169,10-54 years,509,Chronic obstructive pulmonary disease,86,Ambient particulate matter pollution,1,Number,2023,300.51921434942585,418.09651863940314,200.88094245657106
1,All Population,1,Deaths,16,Philippines,3,Both,169,10-54 years,509,Chronic obstructive pulmonary disease,86,Ambient particulate matter pollution,2,Percent,2023,0.17149312952138032,0.20620017484558203,0.14091533398686898
1,All Population,1,Deaths,16,Philippines,3,Both,169,10-54 years,509,Chronic obstructive pulmonary disease,86,Ambient particulate matter pollution,3,Rate,2023,0.38305003519796166,0.532917292918095,0.2560483603192154
1,All Population,1,Deaths,16,Philippines,3,Both,197,15-39 years,509,Chronic obstructive pulmonary disease,86,Ambient particulate matter pollution,1,Number,2023,60.10180885752204,90.79547029325765,38.853419038153845
1,All Population,1,Deaths,16,Philippines,3,Both,197,15-39 years,509,Chronic obstructive pulmonary disease,86,Ambient particulate matter pollution,2,Percent,2023,0.14469771139324814,0.17590507850461615,0.11706124826416547
1,All Population,1,Deaths,16,Philippines,3,Both,197,15-39 years,509,Chronic obstructive pulmonary disease,86,Ambient particulate matter pollution,3,Rate,2023,0.12469488071834908,0.1883758667700596,0.08061026023272956
1,All Population,1,Deaths,16,Philippines,3,Both,228,55+ years,509,Chronic obstructive pulmonary disease,86,Ambient particulate matter pollution,1,Number,2023,3353.078461651173,4508.451281701987,2416.4696201673514
1,All Population,1,Deaths,16,Philippines,3,Both,228,55+ years,509,Chronic obstructive pulmonary disease,86,Ambient particulate matter pollution,2,Percent,2023,0.1745797617789847,0.2109289991083721,0.14306494981490073
1,All Population,1,Deaths,16,Philippines,3,Both,228,55+ years,509,Chronic obstructive pulmonary disease,86,Ambient particulate matter pollution,3,Rate,2023,22.68900638274716,30.506974732845517,16.351330654127516
1,All Population,1,Deaths,16,Philippines,3,Both,231,60+ years,509,Chronic obstructive pulmonary disease,86,Ambient particulate matter pollution,1,Number,2023,3153.3730900783276,4246.40088156873,2270.2929882085227
1,All Population,1,Deaths,16,Philippines,3,Both,231,60+ years,509,Chronic obstructive pulmonary disease,86,Ambient particulate matter pollution,2,Percent,2023,0.17437512600651886,0.21080129200888037,0.14284464585627463
1,All Population,1,Deaths,16,Philippines,3,Both,231,60+ years,509,Chronic obstructive pulmonary disease,86,Ambient particulate matter pollution,3,Rate,2023,30.50036452326372,41.072455145654075,21.95895053865942
1,All Population,1,Deaths,16,Philippines,3,Both,232,65-74 years,509,Chronic obstructive pulmonary disease,86,Ambient particulate matter pollution,1,Number,2023,1187.2531541112219,1607.831378033532,861.2123118488751
1,All Population,1,Deaths,16,Philippines,3,Both,232,65-74 years,509,Chronic obstructive pulmonary disease,86,Ambient particulate matter pollution,2,Percent,2023,0.17526202081364584,0.2111165456783931,0.14400899362824612
1,All Population,1,Deaths,16,Philippines,3,Both,232,65-74 years,509,Chronic obstructive pulmonary disease,86,Ambient particulate matter pollution,3,Rate,2023,25.86141050576239,35.02267999658269,18.759406999439268
1,All Population,1,Deaths,16,Philippines,3,Both,234,75+ years,509,Chronic obstructive pulmonary disease,86,Ambient particulate matter pollution,1,Number,2023,1602.2005266665606,2197.4092531793754,1136.4951935247982
1,All Population,1,Deaths,16,Philippines,3,Both,234,75+ years,509,Chronic obstructive pulmonary disease,86,Ambient particulate matter pollution,2,Percent,2023,0.17316795917755262,0.21002201434040502,0.14129424192575352
1,All Population,1,Deaths,16,Philippines,3,Both,234,75+ years,509,Chronic obstructive pulmonary disease,86,Ambient particulate matter pollution,3,Rate,2023,78.36479478721945,107.47688714546013,55.58680772782369
1,All Population,1,Deaths,16,Philippines,3,Both,235,95+ years,509,Chronic obstructive pulmonary disease,86,Ambient particulate matter pollution,1,Number,2023,30.16116823406258,49.261591806000176,18.90940885312066
1,All Population,1,Deaths,16,Philippines,3,Both,235,95+ years,509,Chronic obstructive pulmonary disease,86,Ambient particulate matter pollution,2,Percent,2023,0.16572018101775562,0.20187048719194037,0.13308433239651687
1,All Population,1,Deaths,16,Philippines,3,Both,235,95+ years,509,Chronic obstructive pulmonary disease,86,Ambient particulate matter pollution,3,Rate,2023,174.37704832421963,284.80630817149984,109.32490664069041
1,All Population,1,Deaths,16,Philippines,3,Both,243,75-84 years,509,Chronic obstructive pulmonary disease,86,Ambient particulate matter pollution,1,Number,2023,1106.162565959172,1493.7448376878099,781.4519028536847
1,All Population,1,Deaths,16,Philippines,3,Both,243,75-84 years,509,Chronic obstructive pulmonary disease,86,Ambient particulate matter pollution,2,Percent,2023,0.17389333633535126,0.20978942962958136,0.14211574470826172
1,All Population,1,Deaths,16,Philippines,3,Both,243,75-84 years,509,Chronic obstructive pulmonary disease,86,Ambient particulate matter pollution,3,Rate,2023,66.93762833174523,90.39153904192074,47.28829074684644
1,All Population,1,Deaths,16,Philippines,3,Both,284,20-54 years,509,Chronic obstructive pulmonary disease,86,Ambient particulate matter pollution,1,Number,2023,300.51921434942585,418.09651863940314,200.88094245657106
1,All Population,1,Deaths,16,Philippines,3,Both,284,20-54 years,509,Chronic obstructive pulmonary disease,86,Ambient particulate matter pollution,2,Percent,2023,0.17455427220754544,0.21036932943267203,0.14344531668923075
1,All Population,1,Deaths,16,Philippines,3,Both,284,20-54 years,509,Chronic obstructive pulmonary disease,86,Ambient particulate matter pollution,3,Rate,2023,0.5414836348300035,0.7533375964419986,0.36195270616868175
1,All Population,1,Deaths,16,Philippines,3,Both,420,<70 years,509,Chronic obstructive pulmonary disease,86,Ambient particulate matter pollution,1,Number,2023,1396.496178863546,1890.8793787413197,995.4315850613261
1,All Population,1,Deaths,16,Philippines,3,Both,420,<70 years,509,Chronic obstructive pulmonary disease,86,Ambient particulate matter pollution,2,Percent,2023,0.17526410589559374,0.21119598189333244,0.1443292086818541
1,All Population,1,Deaths,16,Philippines,3,Both,420,<70 years,509,Chronic obstructive pulmonary disease,86,Ambient particulate matter pollution,3,Rate,2023,1.2622089613264864,1.709052221379519,0.8997107805008924
1,All Population,1,Deaths,16,Philippines,3,Both,1,<5 years,294,All causes,86,Ambient particulate matter pollution,1,Number,2023,2063.8854073740763,2470.606820183,1577.4400674124063
1,All Population,1,Deaths,16,Philippines,3,Both,1,<5 years,294,All causes,86,Ambient particulate matter pollution,2,Percent,2023,0.038648220606451934,0.046584086749178466,0.030974150786271328
1,All Population,1,Deaths,16,Philippines,3,Both,1,<5 years,294,All causes,86,Ambient particulate matter pollution,3,Rate,2023,20.502490631498315,24.54283217660103,15.670177272594621
1,All Population,1,Deaths,16,Philippines,3,Both,2,0-6 days,294,All causes,86,Ambient particulate matter pollution,1,Number,2023,1255.200502487584,1513.162969067815,1010.0868903523103
1,All Population,1,Deaths,16,Philippines,3,Both,2,0-6 days,294,All causes,86,Ambient particulate matter pollution,2,Percent,2023,0.06642606995626679,0.07630229563680475,0.05684317997875911
1,All Population,1,Deaths,16,Philippines,3,Both,2,0-6 days,294,All causes,86,Ambient particulate matter pollution,3,Rate,2023,3343.437356082531,4030.5637120091387,2690.5360820046058
1,All Population,1,Deaths,16,Philippines,3,Both,3,7-27 days,294,All causes,86,Ambient particulate matter pollution,1,Number,2023,281.2297610356758,358.41452058217084,208.62007748230445
1,All Population,1,Deaths,16,Philippines,3,Both,3,7-27 days,294,All causes,86,Ambient particulate matter pollution,2,Percent,2023,0.05590568062637423,0.06633826338512089,0.044708055945633866
1,All Population,1,Deaths,16,Philippines,3,Both,3,7-27 days,294,All causes,86,Ambient particulate matter pollution,3,Rate,2023,251.01266041696832,319.9042022156046,186.20461956935043
1,All Population,1,Deaths,16,Philippines,3,Both,6,5-9 years,294,All causes,86,Ambient particulate matter pollution,1,Number,2023,69.05239806977903,109.49156782922233,25.915959866855726
1,All Population,1,Deaths,16,Philippines,3,Both,6,5-9 years,294,All causes,86,Ambient particulate matter pollution,2,Percent,2023,0.010972611397002105,0.017653465144149574,0.004405540497233604
1,All Population,1,Deaths,16,Philippines,3,Both,6,5-9 years,294,All causes,86,Ambient particulate matter pollution,3,Rate,2023,0.6158661024303728,0.9765358917706543,0.2311398537935448
1,All Population,1,Deaths,16,Philippines,3,Both,7,10-14 years,294,All causes,86,Ambient particulate matter pollution,1,Number,2023,48.74630172012338,78.91895362761295,19.716613096536605
1,All Population,1,Deaths,16,Philippines,3,Both,7,10-14 years,294,All causes,86,Ambient particulate matter pollution,2,Percent,2023,0.008561084958252266,0.013525604187145162,0.0033683599578019654
1,All Population,1,Deaths,16,Philippines,3,Both,7,10-14 years,294,All causes,86,Ambient particulate matter pollution,3,Rate,2023,0.41105123727393256,0.6654809162600062,0.16625955041092055
1,All Population,1,Deaths,16,Philippines,3,Both,8,15-19 years,294,All causes,86,Ambient particulate matter pollution,1,Number,2023,45.23327126798377,71.34937848673069,18.001174404131866
1,All Population,1,Deaths,16,Philippines,3,Both,8,15-19 years,294,All causes,86,Ambient particulate matter pollution,2,Percent,2023,0.005739820233919378,0.009340879018906779,0.0022322680694421173
1,All Population,1,Deaths,16,Philippines,3,Both,8,15-19 years,294,All causes,86,Ambient particulate matter pollution,3,Rate,2023,0.407648777500687,0.6430109098949114,0.16222918514883056
1,All Population,1,Deaths,16,Philippines,3,Both,9,20-24 years,294,All causes,86,Ambient particulate matter pollution,1,Number,2023,54.64391256155214,90.56837803558844,21.134052351856756
1,All Population,1,Deaths,16,Philippines,3,Both,9,20-24 years,294,All causes,86,Ambient particulate matter pollution,2,Percent,2023,0.005070451182716137,0.008213331832536247,0.0019492060397396475
1,All Population,1,Deaths,16,Philippines,3,Both,9,20-24 years,294,All causes,86,Ambient particulate matter pollution,3,Rate,2023,0.5179292118908917,0.8584306368137602,0.2003140435145132
1,All Population,1,Deaths,16,Philippines,3,Both,10,25-29 years,294,All causes,86,Ambient particulate matter pollution,1,Number,2023,342.00746990746137,459.9228432969653,222.22064554511704
1,All Population,1,Deaths,16,Philippines,3,Both,10,25-29 years,294,All causes,86,Ambient particulate matter pollution,2,Percent,2023,0.026365508882317285,0.035471258008909594,0.017621086911052537
1,All Population,1,Deaths,16,Philippines,3,Both,10,25-29 years,294,All causes,86,Ambient particulate matter pollution,3,Rate,2023,3.4833896344366226,4.684372728510154,2.2633455738821233
1,All Population,1,Deaths,16,Philippines,3,Both,11,30-34 years,294,All causes,86,Ambient particulate matter pollution,1,Number,2023,543.4278051347711,713.8221918620482,383.4300550760029
1,All Population,1,Deaths,16,Philippines,3,Both,11,30-34 years,294,All causes,86,Ambient particulate matter pollution,2,Percent,2023,0.03461715235809384,0.04581261966009864,0.024393603129956157
1,All Population,1,Deaths,16,Philippines,3,Both,11,30-34 years,294,All causes,86,Ambient particulate matter pollution,3,Rate,2023,6.053502605522579,7.951607292610099,4.2712110339341445
1,All Population,1,Deaths,16,Philippines,3,Both,12,35-39 years,294,All causes,86,Ambient particulate matter pollution,1,Number,2023,819.1373157181285,1075.8877548897972,585.3594719411312
1,All Population,1,Deaths,16,Philippines,3,Both,12,35-39 years,294,All causes,86,Ambient particulate matter pollution,2,Percent,2023,0.04323600751490858,0.05681030216546029,0.031313768076087004
1,All Population,1,Deaths,16,Philippines,3,Both,12,35-39 years,294,All causes,86,Ambient particulate matter pollution,3,Rate,2023,10.559726576154183,13.869567776079784,7.546031481963828
1,All Population,1,Deaths,16,Philippines,3,Both,13,40-44 years,294,All causes,86,Ambient particulate matter pollution,1,Number,2023,1346.9186126554243,1757.992231593239,976.0623864876729
1,All Population,1,Deaths,16,Philippines,3,Both,13,40-44 years,294,All causes,86,Ambient particulate matter pollution,2,Percent,2023,0.05367411051542258,0.06966976354844757,0.038840688229718395
1,All Population,1,Deaths,16,Philippines,3,Both,13,40-44 years,294,All causes,86,Ambient particulate matter pollution,3,Rate,2023,19.058052368403217,24.87448588070044,13.810669703225427
1,All Population,1,Deaths,16,Philippines,3,Both,14,45-49 years,294,All causes,86,Ambient particulate matter pollution,1,Number,2023,1950.458989974375,2516.857990743699,1421.7497301897083
1,All Population,1,Deaths,16,Philippines,3,Both,14,45-49 years,294,All causes,86,Ambient particulate matter pollution,2,Percent,2023,0.06078907475092041,0.07817315322946894,0.04500327230047766
1,All Population,1,Deaths,16,Philippines,3,Both,14,45-49 years,294,All causes,86,Ambient particulate matter pollution,3,Rate,2023,32.44480330689038,41.86653648233198,23.650018064843053
1,All Population,1,Deaths,16,Philippines,3,Both,15,50-54 years,294,All causes,86,Ambient particulate matter pollution,1,Number,2023,2863.1244871423014,3739.6785644622414,2116.6455357333275
1,All Population,1,Deaths,16,Philippines,3,Both,15,50-54 years,294,All causes,86,Ambient particulate matter pollution,2,Percent,2023,0.06750861641079754,0.08751790104447522,0.049880625580176155
1,All Population,1,Deaths,16,Philippines,3,Both,15,50-54 years,294,All causes,86,Ambient particulate matter pollution,3,Rate,2023,53.84657794919043,70.33186794026541,39.807601570418825
1,All Population,1,Deaths,16,Philippines,3,Both,16,55-59 years,294,All causes,86,Ambient particulate matter pollution,1,Number,2023,3649.42651643111,4732.144303913941,2676.6055358002977
1,All Population,1,Deaths,16,Philippines,3,Both,16,55-59 years,294,All causes,86,Ambient particulate matter pollution,2,Percent,2023,0.07114784234055467,0.09182719557605624,0.052064954839654974
1,All Population,1,Deaths,16,Philippines,3,Both,16,55-59 years,294,All causes,86,Ambient particulate matter pollution,3,Rate,2023,82.20126405057252,106.58886860718233,60.28902278671154
1,All Population,1,Deaths,16,Philippines,3,Both,17,60-64 years,294,All causes,86,Ambient particulate matter pollution,1,Number,2023,4540.601412207785,5793.749071809758,3387.1124226549828
1,All Population,1,Deaths,16,Philippines,3,Both,17,60-64 years,294,All causes,86,Ambient particulate matter pollution,2,Percent,2023,0.07532873769849185,0.09662913838021774,0.05596238299294226
1,All Population,1,Deaths,16,Philippines,3,Both,17,60-64 years,294,All causes,86,Ambient particulate matter pollution,3,Rate,2023,122.60515615032268,156.44260421872858,91.45868790900782
1,All Population,1,Deaths,16,Philippines,3,Both,18,65-69 years,294,All causes,86,Ambient particulate matter pollution,1,Number,2023,5303.676627649706,6858.399949043519,3974.426717561724
1,All Population,1,Deaths,16,Philippines,3,Both,18,65-69 years,294,All causes,86,Ambient particulate matter pollution,2,Percent,2023,0.07780215574800256,0.0998444170625166,0.057626015913342696
1,All Population,1,Deaths,16,Philippines,3,Both,18,65-69 years,294,All causes,86,Ambient particulate matter pollution,3,Rate,2023,191.95661175776098,248.2269015864567,143.8469084644685
1,All Population,1,Deaths,16,Philippines,3,Both,19,70-74 years,294,All causes,86,Ambient particulate matter pollution,1,Number,2023,5392.883787598005,6959.385472099337,4059.227951365214
1,All Population,1,Deaths,16,Philippines,3,Both,19,70-74 years,294,All causes,86,Ambient particulate matter pollution,2,Percent,2023,0.07984868606377768,0.10255078875977301,0.059432260749543345
1,All Population,1,Deaths,16,Philippines,3,Both,19,70-74 years,294,All causes,86,Ambient particulate matter pollution,3,Rate,2023,295.0360011506283,380.7367896330089,222.07383464924806
1,All Population,1,Deaths,16,Philippines,3,Both,20,75-79 years,294,All causes,86,Ambient particulate matter pollution,1,Number,2023,4805.275574958405,6146.317340892387,3529.3946587750042
1,All Population,1,Deaths,16,Philippines,3,Both,20,75-79 years,294,All causes,86,Ambient particulate matter pollution,2,Percent,2023,0.0808334479274467,0.1041530394355154,0.0602686082831489
1,All Population,1,Deaths,16,Philippines,3,Both,20,75-79 years,294,All causes,86,Ambient particulate matter pollution,3,Rate,2023,454.1753057409808,580.9251756607224,333.58417706222747
1,All Population,1,Deaths,16,Philippines,3,Both,21,80+ years,294,All causes,86,Ambient particulate matter pollution,1,Number,2023,10112.81805199374,13530.42677556547,7377.394190412628
1,All Population,1,Deaths,16,Philippines,3,Both,21,80+ years,294,All causes,86,Ambient particulate matter pollution,2,Percent,2023,0.08148298328727092,0.10886913946177637,0.059609936429346026
1,All Population,1,Deaths,16,Philippines,3,Both,21,80+ years,294,All causes,86,Ambient particulate matter pollution,3,Rate,2023,1025.1011829293973,1371.5322892057047,747.8207827577285
1,All Population,1,Deaths,16,Philippines,3,Both,22,All ages,294,All causes,86,Ambient particulate matter pollution,1,Number,2023,43951.31794236475,56745.70653623763,32917.358086113934
1,All Population,1,Deaths,16,Philippines,3,Both,22,All ages,294,All causes,86,Ambient particulate matter pollution,2,Percent,2023,0.06638437503921911,0.08550822608696185,0.049665667494920476
1,All Population,1,Deaths,16,Philippines,3,Both,22,All ages,294,All causes,86,Ambient particulate matter pollution,3,Rate,2023,38.381582902420405,49.55460135764568,28.745902681863118
1,All Population,1,Deaths,16,Philippines,3,Both,23,5-14 years,294,All causes,86,Ambient particulate matter pollution,1,Number,2023,117.79869978990237,188.62204069253477,48.75661593682983
1,All Population,1,Deaths,16,Philippines,3,Both,23,5-14 years,294,All causes,86,Ambient particulate matter pollution,2,Percent,2023,0.009828042794869447,0.015587303801506849,0.004007059494806655
1,All Population,1,Deaths,16,Philippines,3,Both,23,5-14 years,294,All causes,86,Ambient particulate matter pollution,3,Rate,2023,0.5105881518039875,0.8175657228684736,0.21133128348447805
1,All Population,1,Deaths,16,Philippines,3,Both,24,15-49 years,294,All causes,86,Ambient particulate matter pollution,1,Number,2023,5101.827377219699,6634.894897124611,3689.3684932778315
1,All Population,1,Deaths,16,Philippines,3,Both,24,15-49 years,294,All causes,86,Ambient particulate matter pollution,2,Percent,2023,0.041326590903012834,0.0535595938916323,0.03007738148142117
1,All Population,1,Deaths,16,Philippines,3,Both,24,15-49 years,294,All causes,86,Ambient particulate matter pollution,3,Rate,2023,8.32568459926829,10.827501241889902,6.020689485234651
1,All Population,1,Deaths,16,Philippines,3,Both,25,50-69 years,294,All causes,86,Ambient particulate matter pollution,1,Number,2023,16356.829043430902,20886.041269891546,12100.034590299549
1,All Population,1,Deaths,16,Philippines,3,Both,25,50-69 years,294,All causes,86,Ambient particulate matter pollution,2,Percent,2023,0.07363019114647261,0.09457586732837854,0.0544992017169205
1,All Population,1,Deaths,16,Philippines,3,Both,25,50-69 years,294,All causes,86,Ambient particulate matter pollution,3,Rate,2023,100.82367287707825,128.7417865101683,74.58474537420491
1,All Population,1,Deaths,16,Philippines,3,Both,26,70+ years,294,All causes,86,Ambient particulate matter pollution,1,Number,2023,20310.977414550147,26807.182511982617,14934.438448372324
1,All Population,1,Deaths,16,Philippines,3,Both,26,70+ years,294,All causes,86,Ambient particulate matter pollution,2,Percent,2023,0.08088950638745525,0.1062684333187494,0.05975697037143612
1,All Population,1,Deaths,16,Philippines,3,Both,26,70+ years,294,All causes,86,Ambient particulate matter pollution,3,Rate,2023,524.5042398013774,692.2601801817626,385.66220252958044
1,All Population,1,Deaths,16,Philippines,3,Both,27,Age-standardized,294,All causes,86,Ambient particulate matter pollution,2,Percent,2023,0.07075315946538842,0.09182451852187881,0.05253569592412999
1,All Population,1,Deaths,16,Philippines,3,Both,27,Age-standardized,294,All causes,86,Ambient particulate matter pollution,3,Rate,2023,59.42826637274793,77.29817752692749,44.0501647768386
1,All Population,1,Deaths,16,Philippines,3,Both,28,<1 year,294,All causes,86,Ambient particulate matter pollution,1,Number,2023,1844.2375106500526,2168.741555706865,1458.2748147204761
1,All Population,1,Deaths,16,Philippines,3,Both,28,<1 year,294,All causes,86,Ambient particulate matter pollution,2,Percent,2023,0.04602201706839948,0.0541196261312312,0.03781059903338894
1,All Population,1,Deaths,16,Philippines,3,Both,28,<1 year,294,All causes,86,Ambient particulate matter pollution,3,Rate,2023,94.73700370325109,111.40651657278995,74.91040916624452
1,All Population,1,Deaths,16,Philippines,3,Both,30,80-84 years,294,All causes,86,Ambient particulate matter pollution,1,Number,2023,4302.94815870208,5666.058355929587,3149.474506095941
1,All Population,1,Deaths,16,Philippines,3,Both,30,80-84 years,294,All causes,86,Ambient particulate matter pollution,2,Percent,2023,0.08070922065326376,0.10678408282051301,0.05955606007467292
1,All Population,1,Deaths,16,Philippines,3,Both,30,80-84 years,294,All causes,86,Ambient particulate matter pollution,3,Rate,2023,723.7866176451437,953.0714899561535,529.76410964114
1,All Population,1,Deaths,16,Philippines,3,Both,31,85-89 years,294,All causes,86,Ambient particulate matter pollution,1,Number,2023,3662.3073137920746,4956.412843084822,2649.6191912536497
1,All Population,1,Deaths,16,Philippines,3,Both,31,85-89 years,294,All causes,86,Ambient particulate matter pollution,2,Percent,2023,0.08235774974578401,0.1103738195323557,0.06009829111378215
1,All Population,1,Deaths,16,Philippines,3,Both,31,85-89 years,294,All causes,86,Ambient particulate matter pollution,3,Rate,2023,1301.5163051908585,1761.417482972735,941.6256705100275
1,All Population,1,Deaths,16,Philippines,3,Both,32,90-94 years,294,All causes,86,Ambient particulate matter pollution,1,Number,2023,1714.926161839262,2361.031732166896,1184.041938993581
1,All Population,1,Deaths,16,Philippines,3,Both,32,90-94 years,294,All causes,86,Ambient particulate matter pollution,2,Percent,2023,0.082008967732494,0.11177696671837742,0.05651333348947875
1,All Population,1,Deaths,16,Philippines,3,Both,32,90-94 years,294,All causes,86,Ambient particulate matter pollution,3,Rate,2023,1837.4929250886037,2529.7760336884967,1268.6661002217663
1,All Population,1,Deaths,16,Philippines,3,Both,34,2-4 years,294,All causes,86,Ambient particulate matter pollution,1,Number,2023,106.88698978605397,170.16022419775965,45.011576399974736
1,All Population,1,Deaths,16,Philippines,3,Both,34,2-4 years,294,All causes,86,Ambient particulate matter pollution,2,Percent,2023,0.01475066539030298,0.023266040463502585,0.005695842332545592
1,All Population,1,Deaths,16,Philippines,3,Both,34,2-4 years,294,All causes,86,Ambient particulate matter pollution,3,Rate,2023,1.7380622966027897,2.7669323521186047,0.7319218551111202
1,All Population,1,Deaths,16,Philippines,3,Both,37,20+ years,294,All causes,86,Ambient particulate matter pollution,1,Number,2023,41724.40056393277,54186.203478995194,30817.42847218254
1,All Population,1,Deaths,16,Philippines,3,Both,37,20+ years,294,All causes,86,Ambient particulate matter pollution,2,Percent,2023,0.07086072544593204,0.09156112927914493,0.0525979862515509
1,All Population,1,Deaths,16,Philippines,3,Both,37,20+ years,294,All causes,86,Ambient particulate matter pollution,3,Rate,2023,59.37079501266449,77.10303649147797,43.8509649967502
1,All Population,1,Deaths,16,Philippines,3,Both,39,0-14 years,294,All causes,86,Ambient particulate matter pollution,1,Number,2023,2181.6841071639774,2646.4910393851055,1636.488540617351
1,All Population,1,Deaths,16,Philippines,3,Both,39,0-14 years,294,All causes,86,Ambient particulate matter pollution,2,Percent,2023,0.03336392213451363,0.040340853067279116,0.02604118350784927
1,All Population,1,Deaths,16,Philippines,3,Both,39,0-14 years,294,All causes,86,Ambient particulate matter pollution,3,Rate,2023,6.5836943212691255,7.986347780632094,4.93845111503792
1,All Population,1,Deaths,16,Philippines,3,Both,41,50-74 years,294,All causes,86,Ambient particulate matter pollution,1,Number,2023,21749.71283102893,27762.90019877214,16068.957404359788
1,All Population,1,Deaths,16,Philippines,3,Both,41,50-74 years,294,All causes,86,Ambient particulate matter pollution,2,Percent,2023,0.07507983259750044,0.09626378072192782,0.05550182115101008
1,All Population,1,Deaths,16,Philippines,3,Both,41,50-74 years,294,All causes,86,Ambient particulate matter pollution,3,Rate,2023,120.48984099275943,153.8019125326381,89.01938787019574
1,All Population,1,Deaths,16,Philippines,3,Both,42,<28 days,294,All causes,86,Ambient particulate matter pollution,1,Number,2023,1536.4302635232586,1842.9351473647532,1296.7665448496216
1,All Population,1,Deaths,16,Philippines,3,Both,42,<28 days,294,All causes,86,Ambient particulate matter pollution,2,Percent,2023,0.06420733004140719,0.07340677466137026,0.055803020479478764
1,All Population,1,Deaths,16,Philippines,3,Both,42,<28 days,294,All causes,86,Ambient particulate matter pollution,3,Rate,2023,1027.1608716340859,1232.0708054730508,866.9367469104761
1,All Population,1,Deaths,16,Philippines,3,Both,157,25+ years,294,All causes,86,Ambient particulate matter pollution,1,Number,2023,41669.75665137121,54121.94310620306,30774.400992570296
1,All Population,1,Deaths,16,Philippines,3,Both,157,25+ years,294,All causes,86,Ambient particulate matter pollution,2,Percent,2023,0.0720868421731722,0.09321738661582157,0.05344779978527733
1,All Population,1,Deaths,16,Philippines,3,Both,157,25+ years,294,All causes,86,Ambient particulate matter pollution,3,Rate,2023,69.76681003745655,90.61524777165329,51.52494184279125
1,All Population,1,Deaths,16,Philippines,3,Both,158,<20 years,294,All causes,86,Ambient particulate matter pollution,1,Number,2023,2226.917378431963,2706.1614844757037,1659.8183804431878
1,All Population,1,Deaths,16,Philippines,3,Both,158,<20 years,294,All causes,86,Ambient particulate matter pollution,2,Percent,2023,0.030391230842811607,0.03656238907689513,0.02350235261787019
1,All Population,1,Deaths,16,Philippines,3,Both,158,<20 years,294,All causes,86,Ambient particulate matter pollution,3,Rate,2023,5.034421746688279,6.117855273592486,3.7523734966494255
1,All Population,1,Deaths,16,Philippines,3,Both,159,10-24 years,294,All causes,86,Ambient particulate matter pollution,1,Number,2023,148.6234855496593,240.71638401280018,57.75571689721388
1,All Population,1,Deaths,16,Philippines,3,Both,159,10-24 years,294,All causes,86,Ambient particulate matter pollution,2,Percent,2023,0.0061030442607902195,0.009847420173579272,0.0023596074225376495
1,All Population,1,Deaths,16,Philippines,3,Both,159,10-24 years,294,All causes,86,Ambient particulate matter pollution,3,Rate,2023,0.44357892704896346,0.7184377014750274,0.1723766525691508
1,All Population,1,Deaths,16,Philippines,3,Both,160,85+ years,294,All causes,86,Ambient particulate matter pollution,1,Number,2023,5809.869893291663,7911.479133408939,4116.654423483625
1,All Population,1,Deaths,16,Philippines,3,Both,160,85+ years,294,All causes,86,Ambient particulate matter pollution,2,Percent,2023,0.08206529895215184,0.11046417263053009,0.05806342560969027
1,All Population,1,Deaths,16,Philippines,3,Both,160,85+ years,294,All causes,86,Ambient particulate matter pollution,3,Rate,2023,1482.0569698392826,2018.1627139267412,1050.1296057917314
1,All Population,1,Deaths,16,Philippines,3,Both,162,10-19 years,294,All causes,86,Ambient particulate matter pollution,1,Number,2023,93.97957298810708,150.52177663413738,36.88630403507945
1,All Population,1,Deaths,16,Philippines,3,Both,162,10-19 years,294,All causes,86,Ambient particulate matter pollution,2,Percent,2023,0.006923332261923354,0.011099256686039241,0.0026994104681945783
1,All Population,1,Deaths,16,Philippines,3,Both,162,10-19 years,294,All causes,86,Ambient particulate matter pollution,3,Rate,2023,0.4094065392906691,0.6557233417890049,0.16068911149592457
1,All Population,1,Deaths,16,Philippines,3,Both,169,10-54 years,294,All causes,86,Ambient particulate matter pollution,1,Number,2023,8013.698166082125,10382.56427703749,5888.767366146185
1,All Population,1,Deaths,16,Philippines,3,Both,169,10-54 years,294,All causes,86,Ambient particulate matter pollution,2,Percent,2023,0.04671270493866444,0.06058206966574163,0.0344358947030578
1,All Population,1,Deaths,16,Philippines,3,Both,169,10-54 years,294,All causes,86,Ambient particulate matter pollution,3,Rate,2023,10.21447953412523,13.233901267757362,7.505984440156697
1,All Population,1,Deaths,16,Philippines,3,Both,197,15-39 years,294,All causes,86,Ambient particulate matter pollution,1,Number,2023,1804.451777623835,2390.8094340245652,1244.0605529725487
1,All Population,1,Deaths,16,Philippines,3,Both,197,15-39 years,294,All causes,86,Ambient particulate matter pollution,2,Percent,2023,0.027228078226364257,0.036128007137464765,0.019182362799478707
1,All Population,1,Deaths,16,Philippines,3,Both,197,15-39 years,294,All causes,86,Ambient particulate matter pollution,3,Rate,2023,3.743745878035353,4.960278282184931,2.5810867461088103
1,All Population,1,Deaths,16,Philippines,3,Both,228,55+ years,294,All causes,86,Ambient particulate matter pollution,1,Number,2023,33804.68197083878,43990.04498646252,24946.196907245663
1,All Population,1,Deaths,16,Philippines,3,Both,228,55+ years,294,All causes,86,Ambient particulate matter pollution,2,Percent,2023,0.07846264811783715,0.10204715114681905,0.0582236804576443
1,All Population,1,Deaths,16,Philippines,3,Both,228,55+ years,294,All causes,86,Ambient particulate matter pollution,3,Rate,2023,228.74342302905794,297.66389987298027,168.80142451991512
1,All Population,1,Deaths,16,Philippines,3,Both,231,60+ years,294,All causes,86,Ambient particulate matter pollution,1,Number,2023,30155.25545440766,39388.9093926272,22329.828073783825
1,All Population,1,Deaths,16,Philippines,3,Both,231,60+ years,294,All causes,86,Ambient particulate matter pollution,2,Percent,2023,0.07945106545345404,0.10345516281836051,0.05903068202875374
1,All Population,1,Deaths,16,Philippines,3,Both,231,60+ years,294,All causes,86,Ambient particulate matter pollution,3,Rate,2023,291.67061980246814,380.9812731734495,215.98075347795182
1,All Population,1,Deaths,16,Philippines,3,Both,232,65-74 years,294,All causes,86,Ambient particulate matter pollution,1,Number,2023,10696.560415247708,13784.148446070965,8006.435189337179
1,All Population,1,Deaths,16,Philippines,3,Both,232,65-74 years,294,All causes,86,Ambient particulate matter pollution,2,Percent,2023,0.0788204252930075,0.10095983363887148,0.05855544887591228
1,All Population,1,Deaths,16,Philippines,3,Both,232,65-74 years,294,All causes,86,Ambient particulate matter pollution,3,Rate,2023,232.99844598475124,300.2540108668459,174.4006376417956
1,All Population,1,Deaths,16,Philippines,3,Both,234,75+ years,294,All causes,86,Ambient particulate matter pollution,1,Number,2023,14918.09362695214,19885.595135767504,10880.586138537858
1,All Population,1,Deaths,16,Philippines,3,Both,234,75+ years,294,All causes,86,Ambient particulate matter pollution,2,Percent,2023,0.08127299447942801,0.10771319554939156,0.05981858637197171
1,All Population,1,Deaths,16,Philippines,3,Both,234,75+ years,294,All causes,86,Ambient particulate matter pollution,3,Rate,2023,729.6548254948397,972.6189425728841,532.1773933536047
1,All Population,1,Deaths,16,Philippines,3,Both,235,95+ years,294,All causes,86,Ambient particulate matter pollution,1,Number,2023,432.63641766032464,620.518994337379,277.2847611782529
1,All Population,1,Deaths,16,Philippines,3,Both,235,95+ years,294,All causes,86,Ambient particulate matter pollution,2,Percent,2023,0.07988118865484188,0.11107604431513265,0.05380684785338863
1,All Population,1,Deaths,16,Philippines,3,Both,235,95+ years,294,All causes,86,Ambient particulate matter pollution,3,Rate,2023,2501.2910946854936,3587.5357950977723,1603.124183530245
1,All Population,1,Deaths,16,Philippines,3,Both,238,12-23 months,294,All causes,86,Ambient particulate matter pollution,1,Number,2023,112.76090693797052,182.3074378602227,45.4105862171612
1,All Population,1,Deaths,16,Philippines,3,Both,238,12-23 months,294,All causes,86,Ambient particulate matter pollution,2,Percent,2023,0.01854570579660991,0.02937761808499663,0.007274900045943677
1,All Population,1,Deaths,16,Philippines,3,Both,238,12-23 months,294,All causes,86,Ambient particulate matter pollution,3,Rate,2023,5.723788088806697,9.2539974150725,2.305059258156717
1,All Population,1,Deaths,16,Philippines,3,Both,243,75-84 years,294,All causes,86,Ambient particulate matter pollution,1,Number,2023,9108.223733660483,11850.463480810764,6696.903582344952
1,All Population,1,Deaths,16,Philippines,3,Both,243,75-84 years,294,All causes,86,Ambient particulate matter pollution,2,Percent,2023,0.08077460073725376,0.10585912226096214,0.0599386720421976
1,All Population,1,Deaths,16,Philippines,3,Both,243,75-84 years,294,All causes,86,Ambient particulate matter pollution,3,Rate,2023,551.1693432849812,717.1115208998214,405.2522267193457
1,All Population,1,Deaths,16,Philippines,3,Both,284,20-54 years,294,All causes,86,Ambient particulate matter pollution,1,Number,2023,7919.71859309402,10219.56302504612,5800.36271068281
1,All Population,1,Deaths,16,Philippines,3,Both,284,20-54 years,294,All causes,86,Ambient particulate matter pollution,2,Percent,2023,0.05013066416314644,0.06504786666547652,0.03701953922360278
1,All Population,1,Deaths,16,Philippines,3,Both,284,20-54 years,294,All causes,86,Ambient particulate matter pollution,3,Rate,2023,14.26996280388586,18.413884600210586,10.45125014955284
1,All Population,1,Deaths,16,Philippines,3,Both,388,1-5 months,294,All causes,86,Ambient particulate matter pollution,1,Number,2023,185.1042277040598,298.6909974338112,75.69502101382002
1,All Population,1,Deaths,16,Philippines,3,Both,388,1-5 months,294,All causes,86,Ambient particulate matter pollution,2,Percent,2023,0.020283840119195925,0.03166766571567464,0.008810543952352002
1,All Population,1,Deaths,16,Philippines,3,Both,388,1-5 months,294,All causes,86,Ambient particulate matter pollution,3,Rate,2023,22.408075103576582,36.158495061278636,9.163376422478576
1,All Population,1,Deaths,16,Philippines,3,Both,389,6-11 months,294,All causes,86,Ambient particulate matter pollution,1,Number,2023,122.70301942273308,189.4241531081892,48.7996021852859
1,All Population,1,Deaths,16,Philippines,3,Both,389,6-11 months,294,All causes,86,Ambient particulate matter pollution,2,Percent,2023,0.01749650081914772,0.027250807496269798,0.006806824329563252
1,All Population,1,Deaths,16,Philippines,3,Both,389,6-11 months,294,All causes,86,Ambient particulate matter pollution,3,Rate,2023,12.636102369581414,19.5071237953814,5.025440871048998
1,All Population,1,Deaths,16,Philippines,3,Both,420,<70 years,294,All causes,86,Ambient particulate matter pollution,1,Number,2023,23640.3405278146,30105.10570734635,17846.752842729973
1,All Population,1,Deaths,16,Philippines,3,Both,420,<70 years,294,All causes,86,Ambient particulate matter pollution,2,Percent,2023,0.05752263037467936,0.07378890863720097,0.04336917437429197
1,All Population,1,Deaths,16,Philippines,3,Both,420,<70 years,294,All causes,86,Ambient particulate matter pollution,3,Rate,2023,21.36708292843308,27.210195617160128,16.130607236608707
1,All Population,1,Deaths,16,Philippines,3,Both,10,25-29 years,493,Ischemic heart disease,86,Ambient particulate matter pollution,1,Number,2023,178.06097493321843,242.69269756530593,113.71014005201008
1,All Population,1,Deaths,16,Philippines,3,Both,10,25-29 years,493,Ischemic heart disease,86,Ambient particulate matter pollution,2,Percent,2023,0.1528754704986866,0.19785299590120306,0.10380664686133341
1,All Population,1,Deaths,16,Philippines,3,Both,10,25-29 years,493,Ischemic heart disease,86,Ambient particulate matter pollution,3,Rate,2023,1.8135737051236884,2.471856030750415,1.158152257009716
1,All Population,1,Deaths,16,Philippines,3,Both,11,30-34 years,493,Ischemic heart disease,86,Ambient particulate matter pollution,1,Number,2023,291.97927196273747,399.8031304834851,193.46180389745936
1,All Population,1,Deaths,16,Philippines,3,Both,11,30-34 years,493,Ischemic heart disease,86,Ambient particulate matter pollution,2,Percent,2023,0.1546515304668593,0.20273615058276923,0.10528055476335807
1,All Population,1,Deaths,16,Philippines,3,Both,11,30-34 years,493,Ischemic heart disease,86,Ambient particulate matter pollution,3,Rate,2023,3.2524969589045467,4.453598563065142,2.15506369548376
1,All Population,1,Deaths,16,Philippines,3,Both,12,35-39 years,493,Ischemic heart disease,86,Ambient particulate matter pollution,1,Number,2023,437.6153823479196,588.0879286316914,283.0925838501162
1,All Population,1,Deaths,16,Philippines,3,Both,12,35-39 years,493,Ischemic heart disease,86,Ambient particulate matter pollution,2,Percent,2023,0.15598564329493947,0.20419991004523602,0.1063127428967605
1,All Population,1,Deaths,16,Philippines,3,Both,12,35-39 years,493,Ischemic heart disease,86,Ambient particulate matter pollution,3,Rate,2023,5.641421400833065,7.58120477473701,3.6494251010570458
1,All Population,1,Deaths,16,Philippines,3,Both,13,40-44 years,493,Ischemic heart disease,86,Ambient particulate matter pollution,1,Number,2023,707.6078564646342,952.4616915755928,474.38794460710255
1,All Population,1,Deaths,16,Philippines,3,Both,13,40-44 years,493,Ischemic heart disease,86,Ambient particulate matter pollution,2,Percent,2023,0.1584558007535108,0.20854816512130397,0.10835502702958698
1,All Population,1,Deaths,16,Philippines,3,Both,13,40-44 years,493,Ischemic heart disease,86,Ambient particulate matter pollution,3,Rate,2023,10.01220671990708,13.476734693835073,6.712291452738442
1,All Population,1,Deaths,16,Philippines,3,Both,14,45-49 years,493,Ischemic heart disease,86,Ambient particulate matter pollution,1,Number,2023,987.3174980396814,1289.4665922220975,657.5681822259913
1,All Population,1,Deaths,16,Philippines,3,Both,14,45-49 years,493,Ischemic heart disease,86,Ambient particulate matter pollution,2,Percent,2023,0.157037895799541,0.20627794241277927,0.10590493114685934
1,All Population,1,Deaths,16,Philippines,3,Both,14,45-49 years,493,Ischemic heart disease,86,Ambient particulate matter pollution,3,Rate,2023,16.42347887856356,21.44956144707343,10.938281934075432
1,All Population,1,Deaths,16,Philippines,3,Both,15,50-54 years,493,Ischemic heart disease,86,Ambient particulate matter pollution,1,Number,2023,1405.3132919766363,1834.4901863777059,930.527761586645
1,All Population,1,Deaths,16,Philippines,3,Both,15,50-54 years,493,Ischemic heart disease,86,Ambient particulate matter pollution,2,Percent,2023,0.15726711524260595,0.20573078875695988,0.10645093748821338
1,All Population,1,Deaths,16,Philippines,3,Both,15,50-54 years,493,Ischemic heart disease,86,Ambient particulate matter pollution,3,Rate,2023,26.429626814788374,34.50112604653309,17.500369220121378
1,All Population,1,Deaths,16,Philippines,3,Both,16,55-59 years,493,Ischemic heart disease,86,Ambient particulate matter pollution,1,Number,2023,1741.336008743653,2274.384607222693,1187.5080208122604
1,All Population,1,Deaths,16,Philippines,3,Both,16,55-59 years,493,Ischemic heart disease,86,Ambient particulate matter pollution,2,Percent,2023,0.1563252274369446,0.20424453441640747,0.10577117986649005
1,All Population,1,Deaths,16,Philippines,3,Both,16,55-59 years,493,Ischemic heart disease,86,Ambient particulate matter pollution,3,Rate,2023,39.222606733149995,51.229224320346574,26.747945174800208
1,All Population,1,Deaths,16,Philippines,3,Both,17,60-64 years,493,Ischemic heart disease,86,Ambient particulate matter pollution,1,Number,2023,2013.4114651379684,2648.4534377422674,1379.7376943729084
1,All Population,1,Deaths,16,Philippines,3,Both,17,60-64 years,493,Ischemic heart disease,86,Ambient particulate matter pollution,2,Percent,2023,0.15363099627867763,0.20104240888541947,0.10424278341527324
1,All Population,1,Deaths,16,Philippines,3,Both,17,60-64 years,493,Ischemic heart disease,86,Ambient particulate matter pollution,3,Rate,2023,54.366064022796934,71.51344454464312,37.25562763784285
1,All Population,1,Deaths,16,Philippines,3,Both,18,65-69 years,493,Ischemic heart disease,86,Ambient particulate matter pollution,1,Number,2023,2236.010017879126,2997.6427208489877,1527.8503866418353
1,All Population,1,Deaths,16,Philippines,3,Both,18,65-69 years,493,Ischemic heart disease,86,Ambient particulate matter pollution,2,Percent,2023,0.1508238414541439,0.19895668383894757,0.10230225740946283
1,All Population,1,Deaths,16,Philippines,3,Both,18,65-69 years,493,Ischemic heart disease,86,Ambient particulate matter pollution,3,Rate,2023,80.92818190514237,108.49404674384913,55.29767444032831
1,All Population,1,Deaths,16,Philippines,3,Both,19,70-74 years,493,Ischemic heart disease,86,Ambient particulate matter pollution,1,Number,2023,2141.5977277592706,2821.450026185679,1501.6208166912727
1,All Population,1,Deaths,16,Philippines,3,Both,19,70-74 years,493,Ischemic heart disease,86,Ambient particulate matter pollution,2,Percent,2023,0.146954439352775,0.19410550113188313,0.09998522615359798
1,All Population,1,Deaths,16,Philippines,3,Both,19,70-74 years,493,Ischemic heart disease,86,Ambient particulate matter pollution,3,Rate,2023,117.16336834930996,154.3569945057027,82.15126052224105
1,All Population,1,Deaths,16,Philippines,3,Both,20,75-79 years,493,Ischemic heart disease,86,Ambient particulate matter pollution,1,Number,2023,1852.5668616610963,2512.616119455557,1248.6011896678688
1,All Population,1,Deaths,16,Philippines,3,Both,20,75-79 years,493,Ischemic heart disease,86,Ambient particulate matter pollution,2,Percent,2023,0.14309927987072463,0.18833231689325416,0.09672228064323062
1,All Population,1,Deaths,16,Philippines,3,Both,20,75-79 years,493,Ischemic heart disease,86,Ambient particulate matter pollution,3,Rate,2023,175.09716303998255,237.48236213764324,118.01275873150419
1,All Population,1,Deaths,16,Philippines,3,Both,21,80+ years,493,Ischemic heart disease,86,Ambient particulate matter pollution,1,Number,2023,3975.9222468937787,5363.096320128744,2712.1757106336345
1,All Population,1,Deaths,16,Philippines,3,Both,21,80+ years,493,Ischemic heart disease,86,Ambient particulate matter pollution,2,Percent,2023,0.1365417851838197,0.18198097844607738,0.09272260654573114
1,All Population,1,Deaths,16,Philippines,3,Both,21,80+ years,493,Ischemic heart disease,86,Ambient particulate matter pollution,3,Rate,2023,403.0254057347141,543.6384154903684,274.92381599160586
1,All Population,1,Deaths,16,Philippines,3,Both,22,All ages,493,Ischemic heart disease,86,Ambient particulate matter pollution,1,Number,2023,17968.73860379972,23520.014010105235,12528.461150866788
1,All Population,1,Deaths,16,Philippines,3,Both,22,All ages,493,Ischemic heart disease,86,Ambient particulate matter pollution,2,Percent,2023,0.14706299034962864,0.19384982047419175,0.09983663973052274
1,All Population,1,Deaths,16,Philippines,3,Both,22,All ages,493,Ischemic heart disease,86,Ambient particulate matter pollution,3,Rate,2023,15.691648457005398,20.539437947656985,10.94079069329212
1,All Population,1,Deaths,16,Philippines,3,Both,24,15-49 years,493,Ischemic heart disease,86,Ambient particulate matter pollution,1,Number,2023,2602.580983748192,3413.9375101823853,1709.4361238221122
1,All Population,1,Deaths,16,Philippines,3,Both,24,15-49 years,493,Ischemic heart disease,86,Ambient particulate matter pollution,2,Percent,2023,0.14838922301905064,0.1946066616789535,0.10074168374998534
1,All Population,1,Deaths,16,Philippines,3,Both,24,15-49 years,493,Ischemic heart disease,86,Ambient particulate matter pollution,3,Rate,2023,4.247158285184714,5.571212988958377,2.789632999557635
1,All Population,1,Deaths,16,Philippines,3,Both,25,50-69 years,493,Ischemic heart disease,86,Ambient particulate matter pollution,1,Number,2023,7396.0707837373775,9740.338447956703,5057.776230518073
1,All Population,1,Deaths,16,Philippines,3,Both,25,50-69 years,493,Ischemic heart disease,86,Ambient particulate matter pollution,2,Percent,2023,0.15406777890350926,0.2018080132290955,0.10424110051265922
1,All Population,1,Deaths,16,Philippines,3,Both,25,50-69 years,493,Ischemic heart disease,86,Ambient particulate matter pollution,3,Rate,2023,45.58946109268874,60.039552579613265,31.176187927208037
1,All Population,1,Deaths,16,Philippines,3,Both,26,70+ years,493,Ischemic heart disease,86,Ambient particulate matter pollution,1,Number,2023,7970.086836314143,10603.671395858044,5509.340548630602
1,All Population,1,Deaths,16,Philippines,3,Both,26,70+ years,493,Ischemic heart disease,86,Ambient particulate matter pollution,2,Percent,2023,0.14072285587935526,0.18575867019238654,0.09560239215481182
1,All Population,1,Deaths,16,Philippines,3,Both,26,70+ years,493,Ischemic heart disease,86,Ambient particulate matter pollution,3,Rate,2023,205.81699501262028,273.82584752439914,142.27146322344495
1,All Population,1,Deaths,16,Philippines,3,Both,27,Age-standardized,493,Ischemic heart disease,86,Ambient particulate matter pollution,2,Percent,2023,0.14451557432985918,0.19047106739871233,0.09817355631732919
1,All Population,1,Deaths,16,Philippines,3,Both,27,Age-standardized,493,Ischemic heart disease,86,Ambient particulate matter pollution,3,Rate,2023,23.928458552380366,31.515220929384952,16.55519012991018
1,All Population,1,Deaths,16,Philippines,3,Both,30,80-84 years,493,Ischemic heart disease,86,Ambient particulate matter pollution,1,Number,2023,1644.0470540643084,2183.7516382508875,1120.795408948121
1,All Population,1,Deaths,16,Philippines,3,Both,30,80-84 years,493,Ischemic heart disease,86,Ambient particulate matter pollution,2,Percent,2023,0.13737487647074853,0.18285421573074706,0.09278898812062358
1,All Population,1,Deaths,16,Philippines,3,Both,30,80-84 years,493,Ischemic heart disease,86,Ambient particulate matter pollution,3,Rate,2023,276.5404584538605,367.32262479857684,188.52579398945332
1,All Population,1,Deaths,16,Philippines,3,Both,31,85-89 years,493,Ischemic heart disease,86,Ambient particulate matter pollution,1,Number,2023,1489.8698966222314,1991.1912754277353,1022.6409949783978
1,All Population,1,Deaths,16,Philippines,3,Both,31,85-89 years,493,Ischemic heart disease,86,Ambient particulate matter pollution,2,Percent,2023,0.1375000251802211,0.18271052412559485,0.09384547591766337
1,All Population,1,Deaths,16,Philippines,3,Both,31,85-89 years,493,Ischemic heart disease,86,Ambient particulate matter pollution,3,Rate,2023,529.4722143508632,707.6325632104267,363.4277015226344
1,All Population,1,Deaths,16,Philippines,3,Both,32,90-94 years,493,Ischemic heart disease,86,Ambient particulate matter pollution,1,Number,2023,676.333815843243,920.9792389796355,443.67538862099565
1,All Population,1,Deaths,16,Philippines,3,Both,32,90-94 years,493,Ischemic heart disease,86,Ambient particulate matter pollution,2,Percent,2023,0.13472040389631193,0.1811348774409108,0.09167314853851397
1,All Population,1,Deaths,16,Philippines,3,Both,32,90-94 years,493,Ischemic heart disease,86,Ambient particulate matter pollution,3,Rate,2023,724.6717842809487,986.8021571048752,475.3851248922922
1,All Population,1,Deaths,16,Philippines,3,Both,37,20+ years,493,Ischemic heart disease,86,Ambient particulate matter pollution,1,Number,2023,17968.73860379972,23520.014010105235,12528.461150866788
1,All Population,1,Deaths,16,Philippines,3,Both,37,20+ years,493,Ischemic heart disease,86,Ambient particulate matter pollution,2,Percent,2023,0.14739072068673584,0.19430074484780463,0.10002420018180062
1,All Population,1,Deaths,16,Philippines,3,Both,37,20+ years,493,Ischemic heart disease,86,Ambient particulate matter pollution,3,Rate,2023,25.568211450939803,33.46727362444188,17.827091312492495
1,All Population,1,Deaths,16,Philippines,3,Both,41,50-74 years,493,Ischemic heart disease,86,Ambient particulate matter pollution,1,Number,2023,9537.668511496655,12523.77028163909,6571.078470811846
1,All Population,1,Deaths,16,Philippines,3,Both,41,50-74 years,493,Ischemic heart disease,86,Ambient particulate matter pollution,2,Percent,2023,0.15241075297736015,0.2005096020704092,0.1033484293369049
1,All Population,1,Deaths,16,Philippines,3,Both,41,50-74 years,493,Ischemic heart disease,86,Ambient particulate matter pollution,3,Rate,2023,52.83711887691698,69.3796328065429,36.40269672754154
1,All Population,1,Deaths,16,Philippines,3,Both,157,25+ years,493,Ischemic heart disease,86,Ambient particulate matter pollution,1,Number,2023,17968.73860379972,23520.014010105235,12528.461150866788
1,All Population,1,Deaths,16,Philippines,3,Both,157,25+ years,493,Ischemic heart disease,86,Ambient particulate matter pollution,2,Percent,2023,0.1481902311267879,0.19527045716789326,0.10053197293649616
1,All Population,1,Deaths,16,Philippines,3,Both,157,25+ years,493,Ischemic heart disease,86,Ambient particulate matter pollution,3,Rate,2023,30.08468667749598,39.37907205098427,20.976142877124634
1,All Population,1,Deaths,16,Philippines,3,Both,160,85+ years,493,Ischemic heart disease,86,Ambient particulate matter pollution,1,Number,2023,2331.8751928294705,3195.5961602494726,1564.9519494065476
1,All Population,1,Deaths,16,Philippines,3,Both,160,85+ years,493,Ischemic heart disease,86,Ambient particulate matter pollution,2,Percent,2023,0.13596236465871037,0.18141718114898298,0.09260234074881307
1,All Population,1,Deaths,16,Philippines,3,Both,160,85+ years,493,Ischemic heart disease,86,Ambient particulate matter pollution,3,Rate,2023,594.8449699912665,815.1741173339947,399.2082416096047
1,All Population,1,Deaths,16,Philippines,3,Both,169,10-54 years,493,Ischemic heart disease,86,Ambient particulate matter pollution,1,Number,2023,4007.894275724829,5274.073455802773,2644.543909007223
1,All Population,1,Deaths,16,Philippines,3,Both,169,10-54 years,493,Ischemic heart disease,86,Ambient particulate matter pollution,2,Percent,2023,0.15138399926153226,0.1986745139514441,0.10282342004430928
1,All Population,1,Deaths,16,Philippines,3,Both,169,10-54 years,493,Ischemic heart disease,86,Ambient particulate matter pollution,3,Rate,2023,5.108571998331655,6.722478718225588,3.3708082181058994
1,All Population,1,Deaths,16,Philippines,3,Both,197,15-39 years,493,Ischemic heart disease,86,Ambient particulate matter pollution,1,Number,2023,907.6570922661479,1223.57899157228,591.7062777618534
1,All Population,1,Deaths,16,Philippines,3,Both,197,15-39 years,493,Ischemic heart disease,86,Ambient particulate matter pollution,2,Percent,2023,0.13374872736916685,0.17455827561242104,0.09183241752257922
1,All Population,1,Deaths,16,Philippines,3,Both,197,15-39 years,493,Ischemic heart disease,86,Ambient particulate matter pollution,3,Rate,2023,1.883141206641499,2.5385930856969163,1.22762933642684
1,All Population,1,Deaths,16,Philippines,3,Both,228,55+ years,493,Ischemic heart disease,86,Ambient particulate matter pollution,1,Number,2023,13960.84432807489,18430.22372764342,9709.912042290258
1,All Population,1,Deaths,16,Philippines,3,Both,228,55+ years,493,Ischemic heart disease,86,Ambient particulate matter pollution,2,Percent,2023,0.14587053089761443,0.1925259729449397,0.09906566689456218
1,All Population,1,Deaths,16,Philippines,3,Both,228,55+ years,493,Ischemic heart disease,86,Ambient particulate matter pollution,3,Rate,2023,94.46772262890855,124.71031279895575,65.70328097689351
1,All Population,1,Deaths,16,Philippines,3,Both,231,60+ years,493,Ischemic heart disease,86,Ambient particulate matter pollution,1,Number,2023,12219.508319331233,16200.651350129396,8481.690541925898
1,All Population,1,Deaths,16,Philippines,3,Both,231,60+ years,493,Ischemic heart disease,86,Ambient particulate matter pollution,2,Percent,2023,0.14449389431006074,0.19065673193207544,0.09816818046340724
1,All Population,1,Deaths,16,Philippines,3,Both,231,60+ years,493,Ischemic heart disease,86,Ambient particulate matter pollution,3,Rate,2023,118.19072700509368,156.69752914678975,82.03743924758118
1,All Population,1,Deaths,16,Philippines,3,Both,232,65-74 years,493,Ischemic heart disease,86,Ambient particulate matter pollution,1,Number,2023,4377.6077456384,5729.322188870063,3040.647126800341
1,All Population,1,Deaths,16,Philippines,3,Both,232,65-74 years,493,Ischemic heart disease,86,Ambient particulate matter pollution,2,Percent,2023,0.14890519818667378,0.19683166298622973,0.101360041074369
1,All Population,1,Deaths,16,Philippines,3,Both,232,65-74 years,493,Ischemic heart disease,86,Ambient particulate matter pollution,3,Rate,2023,95.35549394089377,124.7992919901406,66.23307192493168
1,All Population,1,Deaths,16,Philippines,3,Both,234,75+ years,493,Ischemic heart disease,86,Ambient particulate matter pollution,1,Number,2023,5828.489108554875,7815.584065764708,3941.4469698389044
1,All Population,1,Deaths,16,Philippines,3,Both,234,75+ years,493,Ischemic heart disease,86,Ambient particulate matter pollution,2,Percent,2023,0.13856142057411192,0.18378647935268994,0.09406871325427434
1,All Population,1,Deaths,16,Philippines,3,Both,234,75+ years,493,Ischemic heart disease,86,Ambient particulate matter pollution,3,Rate,2023,285.0756477166614,382.26590945527465,192.7790422081252
1,All Population,1,Deaths,16,Philippines,3,Both,235,95+ years,493,Ischemic heart disease,86,Ambient particulate matter pollution,1,Number,2023,165.67148036399757,240.9884513197727,102.10797057914326
1,All Population,1,Deaths,16,Philippines,3,Both,235,95+ years,493,Ischemic heart disease,86,Ambient particulate matter pollution,2,Percent,2023,0.12790110037442864,0.1734938736064427,0.0855502025887003
1,All Population,1,Deaths,16,Philippines,3,Both,235,95+ years,493,Ischemic heart disease,86,Ambient particulate matter pollution,3,Rate,2023,957.831059897462,1393.276762201415,590.3380924038224
1,All Population,1,Deaths,16,Philippines,3,Both,243,75-84 years,493,Ischemic heart disease,86,Ambient particulate matter pollution,1,Number,2023,3496.6139157254024,4686.943027656389,2380.226458486537
1,All Population,1,Deaths,16,Philippines,3,Both,243,75-84 years,493,Ischemic heart disease,86,Ambient particulate matter pollution,2,Percent,2023,0.1403505303222349,0.1854379189257671,0.09486148483775865
1,All Population,1,Deaths,16,Philippines,3,Both,243,75-84 years,493,Ischemic heart disease,86,Ambient particulate matter pollution,3,Rate,2023,211.5919033180103,283.622733269124,144.0355323228672
1,All Population,1,Deaths,16,Philippines,3,Both,284,20-54 years,493,Ischemic heart disease,86,Ambient particulate matter pollution,1,Number,2023,4007.894275724829,5274.073455802773,2644.543909007223
1,All Population,1,Deaths,16,Philippines,3,Both,284,20-54 years,493,Ischemic heart disease,86,Ambient particulate matter pollution,2,Percent,2023,0.15295129980817784,0.2006196079657688,0.10378099320298423
1,All Population,1,Deaths,16,Philippines,3,Both,284,20-54 years,493,Ischemic heart disease,86,Ambient particulate matter pollution,3,Rate,2023,7.2215321244333355,9.50296795960587,4.765010621423224
1,All Population,1,Deaths,16,Philippines,3,Both,420,<70 years,493,Ischemic heart disease,86,Ambient particulate matter pollution,1,Number,2023,9998.651767485568,13171.185532885152,6782.779201072357
1,All Population,1,Deaths,16,Philippines,3,Both,420,<70 years,493,Ischemic heart disease,86,Ambient particulate matter pollution,2,Percent,2023,0.15254591412647384,0.1997655450529423,0.10339240295065655
1,All Population,1,Deaths,16,Philippines,3,Both,420,<70 years,493,Ischemic heart disease,86,Ambient particulate matter pollution,3,Rate,2023,9.037180375512047,11.904642964673554,6.130546448941608
1,All Population,1,Deaths,16,Philippines,3,Both,10,25-29 years,976,Diabetes mellitus type 2,86,Ambient particulate matter pollution,1,Number,2023,13.410761626577514,21.730187295915506,7.011329567176038
1,All Population,1,Deaths,16,Philippines,3,Both,10,25-29 years,976,Diabetes mellitus type 2,86,Ambient particulate matter pollution,2,Percent,2023,0.09374709313129066,0.14536756056879735,0.054108208419455774
1,All Population,1,Deaths,16,Philippines,3,Both,10,25-29 years,976,Diabetes mellitus type 2,86,Ambient particulate matter pollution,3,Rate,2023,0.1365903149792616,0.2213247248705989,0.07141128450945339
1,All Population,1,Deaths,16,Philippines,3,Both,11,30-34 years,976,Diabetes mellitus type 2,86,Ambient particulate matter pollution,1,Number,2023,26.363297106722914,43.11995572374401,14.269855798289512
1,All Population,1,Deaths,16,Philippines,3,Both,11,30-34 years,976,Diabetes mellitus type 2,86,Ambient particulate matter pollution,2,Percent,2023,0.0946324507236363,0.14682221708034615,0.05427143960374814
1,All Population,1,Deaths,16,Philippines,3,Both,11,30-34 years,976,Diabetes mellitus type 2,86,Ambient particulate matter pollution,3,Rate,2023,0.2936733936279435,0.4803338398537915,0.15895875853086683
1,All Population,1,Deaths,16,Philippines,3,Both,12,35-39 years,976,Diabetes mellitus type 2,86,Ambient particulate matter pollution,1,Number,2023,44.13550472582432,70.74393745358765,23.718815936627777
1,All Population,1,Deaths,16,Philippines,3,Both,12,35-39 years,976,Diabetes mellitus type 2,86,Ambient particulate matter pollution,2,Percent,2023,0.09479784807834109,0.14546363357603004,0.05374435039452107
1,All Population,1,Deaths,16,Philippines,3,Both,12,35-39 years,976,Diabetes mellitus type 2,86,Ambient particulate matter pollution,3,Rate,2023,0.5689630459536285,0.91197974026555,0.30576584193498557
1,All Population,1,Deaths,16,Philippines,3,Both,13,40-44 years,976,Diabetes mellitus type 2,86,Ambient particulate matter pollution,1,Number,2023,92.66029910252064,144.78875511817657,50.90414297839932
1,All Population,1,Deaths,16,Philippines,3,Both,13,40-44 years,976,Diabetes mellitus type 2,86,Ambient particulate matter pollution,2,Percent,2023,0.0957414659084609,0.1482081394883269,0.05411763727904598
1,All Population,1,Deaths,16,Philippines,3,Both,13,40-44 years,976,Diabetes mellitus type 2,86,Ambient particulate matter pollution,3,Rate,2023,1.3110850322917853,2.0486699429878916,0.7202616502109349
1,All Population,1,Deaths,16,Philippines,3,Both,14,45-49 years,976,Diabetes mellitus type 2,86,Ambient particulate matter pollution,1,Number,2023,165.5633774481118,265.8913383729713,87.64257703672516
1,All Population,1,Deaths,16,Philippines,3,Both,14,45-49 years,976,Diabetes mellitus type 2,86,Ambient particulate matter pollution,2,Percent,2023,0.09444933021412946,0.14780058313781347,0.053349118644702716
1,All Population,1,Deaths,16,Philippines,3,Both,14,45-49 years,976,Diabetes mellitus type 2,86,Ambient particulate matter pollution,3,Rate,2023,2.7540549397549796,4.42295491413035,1.457885650445227
1,All Population,1,Deaths,16,Philippines,3,Both,15,50-54 years,976,Diabetes mellitus type 2,86,Ambient particulate matter pollution,1,Number,2023,278.0200389569387,444.69229216328563,148.31676374455452
1,All Population,1,Deaths,16,Philippines,3,Both,15,50-54 years,976,Diabetes mellitus type 2,86,Ambient particulate matter pollution,2,Percent,2023,0.09421771844145083,0.1461175624411249,0.053075737249093875
1,All Population,1,Deaths,16,Philippines,3,Both,15,50-54 years,976,Diabetes mellitus type 2,86,Ambient particulate matter pollution,3,Rate,2023,5.228703036267138,8.363296210453736,2.7893827935208035
1,All Population,1,Deaths,16,Philippines,3,Both,16,55-59 years,976,Diabetes mellitus type 2,86,Ambient particulate matter pollution,1,Number,2023,381.70779378105965,600.4237055244212,205.46778544019887
1,All Population,1,Deaths,16,Philippines,3,Both,16,55-59 years,976,Diabetes mellitus type 2,86,Ambient particulate matter pollution,2,Percent,2023,0.09341667614003306,0.14565763632682696,0.052804820370077894
1,All Population,1,Deaths,16,Philippines,3,Both,16,55-59 years,976,Diabetes mellitus type 2,86,Ambient particulate matter pollution,3,Rate,2023,8.59775173043978,13.52420369003691,4.628045422701965
1,All Population,1,Deaths,16,Philippines,3,Both,17,60-64 years,976,Diabetes mellitus type 2,86,Ambient particulate matter pollution,1,Number,2023,470.773917045277,737.314532598402,256.3877079531798
1,All Population,1,Deaths,16,Philippines,3,Both,17,60-64 years,976,Diabetes mellitus type 2,86,Ambient particulate matter pollution,2,Percent,2023,0.09248561937722383,0.14443913793628,0.052905817250802754
1,All Population,1,Deaths,16,Philippines,3,Both,17,60-64 years,976,Diabetes mellitus type 2,86,Ambient particulate matter pollution,3,Rate,2023,12.711820389178413,19.908940511291128,6.922971675978604
1,All Population,1,Deaths,16,Philippines,3,Both,18,65-69 years,976,Diabetes mellitus type 2,86,Ambient particulate matter pollution,1,Number,2023,514.2865798068098,813.3157106754907,277.67534754123903
1,All Population,1,Deaths,16,Philippines,3,Both,18,65-69 years,976,Diabetes mellitus type 2,86,Ambient particulate matter pollution,2,Percent,2023,0.09123064656229568,0.14268714805740287,0.05168587064773157
1,All Population,1,Deaths,16,Philippines,3,Both,18,65-69 years,976,Diabetes mellitus type 2,86,Ambient particulate matter pollution,3,Rate,2023,18.61363658891662,29.436434208057463,10.049937548001543
1,All Population,1,Deaths,16,Philippines,3,Both,19,70-74 years,976,Diabetes mellitus type 2,86,Ambient particulate matter pollution,1,Number,2023,451.6046398889633,726.1689930708469,245.99362732966347
1,All Population,1,Deaths,16,Philippines,3,Both,19,70-74 years,976,Diabetes mellitus type 2,86,Ambient particulate matter pollution,2,Percent,2023,0.08984093412194064,0.13858010215689126,0.05126711685958844
1,All Population,1,Deaths,16,Philippines,3,Both,19,70-74 years,976,Diabetes mellitus type 2,86,Ambient particulate matter pollution,3,Rate,2023,24.70656374244888,39.72753805077382,13.45791583397121
1,All Population,1,Deaths,16,Philippines,3,Both,20,75-79 years,976,Diabetes mellitus type 2,86,Ambient particulate matter pollution,1,Number,2023,340.2131693997358,537.7098705249806,179.45518362230172
1,All Population,1,Deaths,16,Philippines,3,Both,20,75-79 years,976,Diabetes mellitus type 2,86,Ambient particulate matter pollution,2,Percent,2023,0.08812582271033309,0.13807558396545502,0.04955312625049637
1,All Population,1,Deaths,16,Philippines,3,Both,20,75-79 years,976,Diabetes mellitus type 2,86,Ambient particulate matter pollution,3,Rate,2023,32.155579387467384,50.822172638400666,16.961381635051847
1,All Population,1,Deaths,16,Philippines,3,Both,21,80+ years,976,Diabetes mellitus type 2,86,Ambient particulate matter pollution,1,Number,2023,427.3345580417416,701.7825717044916,230.61517972941581
1,All Population,1,Deaths,16,Philippines,3,Both,21,80+ years,976,Diabetes mellitus type 2,86,Ambient particulate matter pollution,2,Percent,2023,0.08425407071999359,0.1300847370982907,0.04765034537835612
1,All Population,1,Deaths,16,Philippines,3,Both,21,80+ years,976,Diabetes mellitus type 2,86,Ambient particulate matter pollution,3,Rate,2023,43.317417430331105,71.13725775691964,23.376658447394163
1,All Population,1,Deaths,16,Philippines,3,Both,22,All ages,976,Diabetes mellitus type 2,86,Ambient particulate matter pollution,1,Number,2023,3206.073936930286,5060.712778623653,1743.562423979349
1,All Population,1,Deaths,16,Philippines,3,Both,22,All ages,976,Diabetes mellitus type 2,86,Ambient particulate matter pollution,2,Percent,2023,0.09036109253065919,0.139844544827715,0.05138266925367618
1,All Population,1,Deaths,16,Philippines,3,Both,22,All ages,976,Diabetes mellitus type 2,86,Ambient particulate matter pollution,3,Rate,2023,2.7997839055234994,4.419393459663599,1.522609306261634
1,All Population,1,Deaths,16,Philippines,3,Both,24,15-49 years,976,Diabetes mellitus type 2,86,Ambient particulate matter pollution,1,Number,2023,342.133240009757,549.5805077599427,182.76378163858482
1,All Population,1,Deaths,16,Philippines,3,Both,24,15-49 years,976,Diabetes mellitus type 2,86,Ambient particulate matter pollution,2,Percent,2023,0.09116097907221808,0.14206698855085081,0.05190939331450517
1,All Population,1,Deaths,16,Philippines,3,Both,24,15-49 years,976,Diabetes mellitus type 2,86,Ambient particulate matter pollution,3,Rate,2023,0.5583280727932662,0.8968617773987779,0.298252663131388
1,All Population,1,Deaths,16,Philippines,3,Both,25,50-69 years,976,Diabetes mellitus type 2,86,Ambient particulate matter pollution,1,Number,2023,1644.7883295900845,2579.073112620304,891.3427109443003
1,All Population,1,Deaths,16,Philippines,3,Both,25,50-69 years,976,Diabetes mellitus type 2,86,Ambient particulate matter pollution,2,Percent,2023,0.09258316436846618,0.14445901493094637,0.05256826364020402
1,All Population,1,Deaths,16,Philippines,3,Both,25,50-69 years,976,Diabetes mellitus type 2,86,Ambient particulate matter pollution,3,Rate,2023,10.138493228382028,15.897434835471937,5.494246205728274
1,All Population,1,Deaths,16,Philippines,3,Both,26,70+ years,976,Diabetes mellitus type 2,86,Ambient particulate matter pollution,1,Number,2023,1219.1523673304405,1964.9262516955794,653.0933272839173
1,All Population,1,Deaths,16,Philippines,3,Both,26,70+ years,976,Diabetes mellitus type 2,86,Ambient particulate matter pollution,2,Percent,2023,0.0873389753803471,0.1347902696286349,0.049594002029856636
1,All Population,1,Deaths,16,Philippines,3,Both,26,70+ years,976,Diabetes mellitus type 2,86,Ambient particulate matter pollution,3,Rate,2023,31.4830041202556,50.74163241268043,16.865274976920134
1,All Population,1,Deaths,16,Philippines,3,Both,27,Age-standardized,976,Diabetes mellitus type 2,86,Ambient particulate matter pollution,2,Percent,2023,0.08942006184928719,0.13800136026109627,0.05086136187510988
1,All Population,1,Deaths,16,Philippines,3,Both,27,Age-standardized,976,Diabetes mellitus type 2,86,Ambient particulate matter pollution,3,Rate,2023,3.927829984835274,6.180677705851723,2.134179388937712
1,All Population,1,Deaths,16,Philippines,3,Both,30,80-84 years,976,Diabetes mellitus type 2,86,Ambient particulate matter pollution,1,Number,2023,228.90057271976156,378.73594317931475,122.44058511107355
1,All Population,1,Deaths,16,Philippines,3,Both,30,80-84 years,976,Diabetes mellitus type 2,86,Ambient particulate matter pollution,2,Percent,2023,0.08432165200927445,0.13104012681328392,0.0477492021881088
1,All Population,1,Deaths,16,Philippines,3,Both,30,80-84 years,976,Diabetes mellitus type 2,86,Ambient particulate matter pollution,3,Rate,2023,38.50271144234417,63.70609107619017,20.595381048412957
1,All Population,1,Deaths,16,Philippines,3,Both,31,85-89 years,976,Diabetes mellitus type 2,86,Ambient particulate matter pollution,1,Number,2023,137.63161040856,227.41629114789436,72.71776003699897
1,All Population,1,Deaths,16,Philippines,3,Both,31,85-89 years,976,Diabetes mellitus type 2,86,Ambient particulate matter pollution,2,Percent,2023,0.08564084969523396,0.13098070996030095,0.04810121691891622
1,All Population,1,Deaths,16,Philippines,3,Both,31,85-89 years,976,Diabetes mellitus type 2,86,Ambient particulate matter pollution,3,Rate,2023,48.911729603308395,80.81954506667059,25.842547404115432
1,All Population,1,Deaths,16,Philippines,3,Both,32,90-94 years,976,Diabetes mellitus type 2,86,Ambient particulate matter pollution,1,Number,2023,51.18535174543306,84.89987797477603,26.5699628143902
1,All Population,1,Deaths,16,Philippines,3,Both,32,90-94 years,976,Diabetes mellitus type 2,86,Ambient particulate matter pollution,2,Percent,2023,0.08169990835060446,0.12520668401589322,0.04658116877732735
1,All Population,1,Deaths,16,Philippines,3,Both,32,90-94 years,976,Diabetes mellitus type 2,86,Ambient particulate matter pollution,3,Rate,2023,54.84359839699058,90.9677212879086,28.468933402326474
1,All Population,1,Deaths,16,Philippines,3,Both,37,20+ years,976,Diabetes mellitus type 2,86,Ambient particulate matter pollution,1,Number,2023,3206.073936930286,5060.712778623653,1743.562423979349
1,All Population,1,Deaths,16,Philippines,3,Both,37,20+ years,976,Diabetes mellitus type 2,86,Ambient particulate matter pollution,2,Percent,2023,0.09051259648023928,0.1400590127294773,0.051458309638590674
1,All Population,1,Deaths,16,Philippines,3,Both,37,20+ years,976,Diabetes mellitus type 2,86,Ambient particulate matter pollution,3,Rate,2023,4.562010620458694,7.20102714327208,2.480962838693094
1,All Population,1,Deaths,16,Philippines,3,Both,41,50-74 years,976,Diabetes mellitus type 2,86,Ambient particulate matter pollution,1,Number,2023,2096.392969479048,3304.2140212851928,1136.1036718998641
1,All Population,1,Deaths,16,Philippines,3,Both,41,50-74 years,976,Diabetes mellitus type 2,86,Ambient particulate matter pollution,2,Percent,2023,0.09197451911766276,0.14300896122217155,0.05229215008447092
1,All Population,1,Deaths,16,Philippines,3,Both,41,50-74 years,976,Diabetes mellitus type 2,86,Ambient particulate matter pollution,3,Rate,2023,11.613673132755553,18.30480361389973,6.293827961866889
1,All Population,1,Deaths,16,Philippines,3,Both,157,25+ years,976,Diabetes mellitus type 2,86,Ambient particulate matter pollution,1,Number,2023,3206.073936930286,5060.712778623653,1743.562423979349
1,All Population,1,Deaths,16,Philippines,3,Both,157,25+ years,976,Diabetes mellitus type 2,86,Ambient particulate matter pollution,2,Percent,2023,0.09073222060047917,0.14036855975669643,0.051572415559147176
1,All Population,1,Deaths,16,Philippines,3,Both,157,25+ years,976,Diabetes mellitus type 2,86,Ambient particulate matter pollution,3,Rate,2023,5.367863153011597,8.473046531908338,2.9192104345589365
1,All Population,1,Deaths,16,Philippines,3,Both,160,85+ years,976,Diabetes mellitus type 2,86,Ambient particulate matter pollution,1,Number,2023,198.4339853219804,325.2551379501599,105.79797834775863
1,All Population,1,Deaths,16,Philippines,3,Both,160,85+ years,976,Diabetes mellitus type 2,86,Ambient particulate matter pollution,2,Percent,2023,0.08417333315930117,0.1289850991660103,0.04753200810744976
1,All Population,1,Deaths,16,Philippines,3,Both,160,85+ years,976,Diabetes mellitus type 2,86,Ambient particulate matter pollution,3,Rate,2023,50.619114782414854,82.97029934038021,26.98832057947597
1,All Population,1,Deaths,16,Philippines,3,Both,169,10-54 years,976,Diabetes mellitus type 2,86,Ambient particulate matter pollution,1,Number,2023,620.1532789666961,991.4310991096711,335.898484750816
1,All Population,1,Deaths,16,Philippines,3,Both,169,10-54 years,976,Diabetes mellitus type 2,86,Ambient particulate matter pollution,2,Percent,2023,0.09250224730866399,0.14390271426601428,0.052424763442813854
1,All Population,1,Deaths,16,Philippines,3,Both,169,10-54 years,976,Diabetes mellitus type 2,86,Ambient particulate matter pollution,3,Rate,2023,0.7904643829532833,1.2637052783212135,0.4281454238634375
1,All Population,1,Deaths,16,Philippines,3,Both,197,15-39 years,976,Diabetes mellitus type 2,86,Ambient particulate matter pollution,1,Number,2023,83.90962136671178,135.94619638265607,45.39215727433196
1,All Population,1,Deaths,16,Philippines,3,Both,197,15-39 years,976,Diabetes mellitus type 2,86,Ambient particulate matter pollution,2,Percent,2023,0.08131100640903884,0.12723635713915132,0.047174101646965005
1,All Population,1,Deaths,16,Philippines,3,Both,197,15-39 years,976,Diabetes mellitus type 2,86,Ambient particulate matter pollution,3,Rate,2023,0.17408960605907692,0.2820513236504185,0.09417636081951235
1,All Population,1,Deaths,16,Philippines,3,Both,228,55+ years,976,Diabetes mellitus type 2,86,Ambient particulate matter pollution,1,Number,2023,2585.9206579635897,4056.5791679464082,1404.0703567748628
1,All Population,1,Deaths,16,Philippines,3,Both,228,55+ years,976,Diabetes mellitus type 2,86,Ambient particulate matter pollution,2,Percent,2023,0.08986784349293296,0.1390782972250131,0.051127926647663545
1,All Population,1,Deaths,16,Philippines,3,Both,228,55+ years,976,Diabetes mellitus type 2,86,Ambient particulate matter pollution,3,Rate,2023,17.49794136487977,27.449328038787225,9.500809972398741
1,All Population,1,Deaths,16,Philippines,3,Both,231,60+ years,976,Diabetes mellitus type 2,86,Ambient particulate matter pollution,1,Number,2023,2204.2128641825266,3467.6590137113058,1196.1073215064887
1,All Population,1,Deaths,16,Philippines,3,Both,231,60+ years,976,Diabetes mellitus type 2,86,Ambient particulate matter pollution,2,Percent,2023,0.08928526664684638,0.13812469046769918,0.050834471977035875
1,All Population,1,Deaths,16,Philippines,3,Both,231,60+ years,976,Diabetes mellitus type 2,86,Ambient particulate matter pollution,3,Rate,2023,21.319803881108246,33.540231662834685,11.569106563913225
1,All Population,1,Deaths,16,Philippines,3,Both,232,65-74 years,976,Diabetes mellitus type 2,86,Ambient particulate matter pollution,1,Number,2023,965.8912196957727,1536.7049154996262,523.7310558923643
1,All Population,1,Deaths,16,Philippines,3,Both,232,65-74 years,976,Diabetes mellitus type 2,86,Ambient particulate matter pollution,2,Percent,2023,0.09057206828731636,0.14056070990660113,0.05149116724338718
1,All Population,1,Deaths,16,Philippines,3,Both,232,65-74 years,976,Diabetes mellitus type 2,86,Ambient particulate matter pollution,3,Rate,2023,21.03958136473716,33.47336371214706,11.408202020055423
1,All Population,1,Deaths,16,Philippines,3,Both,234,75+ years,976,Diabetes mellitus type 2,86,Ambient particulate matter pollution,1,Number,2023,767.5477274414776,1248.4639556849797,412.41015496490047
1,All Population,1,Deaths,16,Philippines,3,Both,234,75+ years,976,Diabetes mellitus type 2,86,Ambient particulate matter pollution,2,Percent,2023,0.08592827436347074,0.13277488693113845,0.048516046056550535
1,All Population,1,Deaths,16,Philippines,3,Both,234,75+ years,976,Diabetes mellitus type 2,86,Ambient particulate matter pollution,3,Rate,2023,37.54131842378663,61.06328144208286,20.171281075053386
1,All Population,1,Deaths,16,Philippines,3,Both,235,95+ years,976,Diabetes mellitus type 2,86,Ambient particulate matter pollution,1,Number,2023,9.617023167987295,17.29599806454147,4.872497345432617
1,All Population,1,Deaths,16,Philippines,3,Both,235,95+ years,976,Diabetes mellitus type 2,86,Ambient particulate matter pollution,2,Percent,2023,0.07770737564726299,0.12118953362157603,0.044585892368358054
1,All Population,1,Deaths,16,Philippines,3,Both,235,95+ years,976,Diabetes mellitus type 2,86,Ambient particulate matter pollution,3,Rate,2023,55.600900491823474,99.99695856972824,28.17038446490212
1,All Population,1,Deaths,16,Philippines,3,Both,243,75-84 years,976,Diabetes mellitus type 2,86,Ambient particulate matter pollution,1,Number,2023,569.1137421194973,918.4367405749822,305.0973681480007
1,All Population,1,Deaths,16,Philippines,3,Both,243,75-84 years,976,Diabetes mellitus type 2,86,Ambient particulate matter pollution,2,Percent,2023,0.08655301215963007,0.13501720843961373,0.04884714594145964
1,All Population,1,Deaths,16,Philippines,3,Both,243,75-84 years,976,Diabetes mellitus type 2,86,Ambient particulate matter pollution,3,Rate,2023,34.43899235140965,55.57770537418168,18.46247094465345
1,All Population,1,Deaths,16,Philippines,3,Both,284,20-54 years,976,Diabetes mellitus type 2,86,Ambient particulate matter pollution,1,Number,2023,620.1532789666961,991.4310991096711,335.898484750816
1,All Population,1,Deaths,16,Philippines,3,Both,284,20-54 years,976,Diabetes mellitus type 2,86,Ambient particulate matter pollution,2,Percent,2023,0.0933283894654789,0.14511868462204772,0.05281913622228823
1,All Population,1,Deaths,16,Philippines,3,Both,284,20-54 years,976,Diabetes mellitus type 2,86,Ambient particulate matter pollution,3,Rate,2023,1.1174089229987798,1.7863873243232962,0.6052309595261983
1,All Population,1,Deaths,16,Philippines,3,Both,420,<70 years,976,Diabetes mellitus type 2,86,Ambient particulate matter pollution,1,Number,2023,1986.9215695998416,3116.015921192706,1076.2068369511926
1,All Population,1,Deaths,16,Philippines,3,Both,420,<70 years,976,Diabetes mellitus type 2,86,Ambient particulate matter pollution,2,Percent,2023,0.09233242493297358,0.14405464351827565,0.05245213081611532
1,All Population,1,Deaths,16,Philippines,3,Both,420,<70 years,976,Diabetes mellitus type 2,86,Ambient particulate matter pollution,3,Rate,2023,1.7958589851944449,2.8163795067209754,0.9727186757833296
1,All Population,1,Deaths,16,Philippines,3,Both,10,25-29 years,494,Stroke,86,Ambient particulate matter pollution,1,Number,2023,61.13396595202383,98.04259252095466,34.53630450894485
1,All Population,1,Deaths,16,Philippines,3,Both,10,25-29 years,494,Stroke,86,Ambient particulate matter pollution,2,Percent,2023,0.13358352078542668,0.19037303834526512,0.08326725967124338
1,All Population,1,Deaths,16,Philippines,3,Both,10,25-29 years,494,Stroke,86,Ambient particulate matter pollution,3,Rate,2023,0.622657228413465,0.9985762901997262,0.35175665949856727
1,All Population,1,Deaths,16,Philippines,3,Both,11,30-34 years,494,Stroke,86,Ambient particulate matter pollution,1,Number,2023,110.98950499694351,175.6814974972658,63.85327521796535
1,All Population,1,Deaths,16,Philippines,3,Both,11,30-34 years,494,Stroke,86,Ambient particulate matter pollution,2,Percent,2023,0.13491756840034438,0.1915700607517851,0.08403634239345037
1,All Population,1,Deaths,16,Philippines,3,Both,11,30-34 years,494,Stroke,86,Ambient particulate matter pollution,3,Rate,2023,1.2363652564999554,1.9570003463073806,0.7112922162811338
1,All Population,1,Deaths,16,Philippines,3,Both,12,35-39 years,494,Stroke,86,Ambient particulate matter pollution,1,Number,2023,199.49928948535717,305.7389628612253,117.01802281123477
1,All Population,1,Deaths,16,Philippines,3,Both,12,35-39 years,494,Stroke,86,Ambient particulate matter pollution,2,Percent,2023,0.13592884103067174,0.19430028464595814,0.08424165523897728
1,All Population,1,Deaths,16,Philippines,3,Both,12,35-39 years,494,Stroke,86,Ambient particulate matter pollution,3,Rate,2023,2.5718007331353476,3.9413658608155213,1.5085118229359464
1,All Population,1,Deaths,16,Philippines,3,Both,13,40-44 years,494,Stroke,86,Ambient particulate matter pollution,1,Number,2023,354.75364689407223,546.7781476795384,208.84077522419804
1,All Population,1,Deaths,16,Philippines,3,Both,13,40-44 years,494,Stroke,86,Ambient particulate matter pollution,2,Percent,2023,0.13681658142105757,0.19509582808274584,0.08362509495669138
1,All Population,1,Deaths,16,Philippines,3,Both,13,40-44 years,494,Stroke,86,Ambient particulate matter pollution,3,Rate,2023,5.0195412824983086,7.736567357868254,2.9549657963624116
1,All Population,1,Deaths,16,Philippines,3,Both,14,45-49 years,494,Stroke,86,Ambient particulate matter pollution,1,Number,2023,518.5963860352389,771.553200120637,310.13601798188205
1,All Population,1,Deaths,16,Philippines,3,Both,14,45-49 years,494,Stroke,86,Ambient particulate matter pollution,2,Percent,2023,0.13453899118968227,0.1924564464924552,0.08235582277847417
1,All Population,1,Deaths,16,Philippines,3,Both,14,45-49 years,494,Stroke,86,Ambient particulate matter pollution,3,Rate,2023,8.626563197208542,12.834359475071434,5.158940615273623
1,All Population,1,Deaths,16,Philippines,3,Both,15,50-54 years,494,Stroke,86,Ambient particulate matter pollution,1,Number,2023,726.7971788647515,1113.3691533180759,435.9599816422504
1,All Population,1,Deaths,16,Philippines,3,Both,15,50-54 years,494,Stroke,86,Ambient particulate matter pollution,2,Percent,2023,0.13377971063121621,0.1909201580906858,0.08163587970366933
1,All Population,1,Deaths,16,Philippines,3,Both,15,50-54 years,494,Stroke,86,Ambient particulate matter pollution,3,Rate,2023,13.66882268680322,20.939054228900606,8.1990682695245
1,All Population,1,Deaths,16,Philippines,3,Both,16,55-59 years,494,Stroke,86,Ambient particulate matter pollution,1,Number,2023,871.6939142685845,1320.1996804700234,508.36352137805886
1,All Population,1,Deaths,16,Philippines,3,Both,16,55-59 years,494,Stroke,86,Ambient particulate matter pollution,2,Percent,2023,0.1324960806979357,0.18930767892566275,0.08069273168523802
1,All Population,1,Deaths,16,Philippines,3,Both,16,55-59 years,494,Stroke,86,Ambient particulate matter pollution,3,Rate,2023,19.63441140558767,29.736749608517965,11.45060021522029
1,All Population,1,Deaths,16,Philippines,3,Both,17,60-64 years,494,Stroke,86,Ambient particulate matter pollution,1,Number,2023,1022.3201939607542,1523.7412435809156,605.1387579335559
1,All Population,1,Deaths,16,Philippines,3,Both,17,60-64 years,494,Stroke,86,Ambient particulate matter pollution,2,Percent,2023,0.13019169994987442,0.18649541725283467,0.07859486188924694
1,All Population,1,Deaths,16,Philippines,3,Both,17,60-64 years,494,Stroke,86,Ambient particulate matter pollution,3,Rate,2023,27.604653136739724,41.14400629829517,16.339934993981533
1,All Population,1,Deaths,16,Philippines,3,Both,18,65-69 years,494,Stroke,86,Ambient particulate matter pollution,1,Number,2023,1156.9709523588629,1722.101507857445,687.7716310767372
1,All Population,1,Deaths,16,Philippines,3,Both,18,65-69 years,494,Stroke,86,Ambient particulate matter pollution,2,Percent,2023,0.12726002177549556,0.1819447624408509,0.07684146163627945
1,All Population,1,Deaths,16,Philippines,3,Both,18,65-69 years,494,Stroke,86,Ambient particulate matter pollution,3,Rate,2023,41.87439007105799,62.32822884183571,24.8926021010267
1,All Population,1,Deaths,16,Philippines,3,Both,19,70-74 years,494,Stroke,86,Ambient particulate matter pollution,1,Number,2023,1161.1438097692076,1693.7853331859915,698.7863976076
1,All Population,1,Deaths,16,Philippines,3,Both,19,70-74 years,494,Stroke,86,Ambient particulate matter pollution,2,Percent,2023,0.12365601704257248,0.1773114231404824,0.07498028130722828
1,All Population,1,Deaths,16,Philippines,3,Both,19,70-74 years,494,Stroke,86,Ambient particulate matter pollution,3,Rate,2023,63.524310904481304,92.66427225077636,38.229480279682846
1,All Population,1,Deaths,16,Philippines,3,Both,20,75-79 years,494,Stroke,86,Ambient particulate matter pollution,1,Number,2023,1016.8762391276097,1537.303954939079,607.7112805080696
1,All Population,1,Deaths,16,Philippines,3,Both,20,75-79 years,494,Stroke,86,Ambient particulate matter pollution,2,Percent,2023,0.12082195366082539,0.17358452134062252,0.07275845661972798
1,All Population,1,Deaths,16,Philippines,3,Both,20,75-79 years,494,Stroke,86,Ambient particulate matter pollution,3,Rate,2023,96.11104911720247,145.2997820540851,57.43842414893853
1,All Population,1,Deaths,16,Philippines,3,Both,21,80+ years,494,Stroke,86,Ambient particulate matter pollution,1,Number,2023,1794.4500493772166,2752.450190778646,1057.9860934257665
1,All Population,1,Deaths,16,Philippines,3,Both,21,80+ years,494,Stroke,86,Ambient particulate matter pollution,2,Percent,2023,0.11675521299237973,0.1691066811406291,0.06989271676606652
1,All Population,1,Deaths,16,Philippines,3,Both,21,80+ years,494,Stroke,86,Ambient particulate matter pollution,3,Rate,2023,181.89715852364643,279.00629992696935,107.24436950388792
1,All Population,1,Deaths,16,Philippines,3,Both,22,All ages,494,Stroke,86,Ambient particulate matter pollution,1,Number,2023,8995.225131090621,13505.415852826776,5437.33951817109
1,All Population,1,Deaths,16,Philippines,3,Both,22,All ages,494,Stroke,86,Ambient particulate matter pollution,2,Percent,2023,0.12476416537952527,0.1785511902673482,0.07557791494046938
1,All Population,1,Deaths,16,Philippines,3,Both,22,All ages,494,Stroke,86,Ambient particulate matter pollution,3,Rate,2023,7.855304351683665,11.793940715649999,4.748292139019799
1,All Population,1,Deaths,16,Philippines,3,Both,24,15-49 years,494,Stroke,86,Ambient particulate matter pollution,1,Number,2023,1244.9727933636354,1891.7580658986353,741.1702824421399
1,All Population,1,Deaths,16,Philippines,3,Both,24,15-49 years,494,Stroke,86,Ambient particulate matter pollution,2,Percent,2023,0.1286618807196282,0.18259291716983922,0.07924385309991444
1,All Population,1,Deaths,16,Philippines,3,Both,24,15-49 years,494,Stroke,86,Ambient particulate matter pollution,3,Rate,2023,2.031674152382694,3.0871646236249366,1.2095176002067478
1,All Population,1,Deaths,16,Philippines,3,Both,25,50-69 years,494,Stroke,86,Ambient particulate matter pollution,1,Number,2023,3777.782239452952,5698.582303231612,2260.9735333265353
1,All Population,1,Deaths,16,Philippines,3,Both,25,50-69 years,494,Stroke,86,Ambient particulate matter pollution,2,Percent,2023,0.13046972737242418,0.18644275508724673,0.07891407023699971
1,All Population,1,Deaths,16,Philippines,3,Both,25,50-69 years,494,Stroke,86,Ambient particulate matter pollution,3,Rate,2023,23.28629098586872,35.12612355845818,13.936665554342131
1,All Population,1,Deaths,16,Philippines,3,Both,26,70+ years,494,Stroke,86,Ambient particulate matter pollution,1,Number,2023,3972.4700982740296,5931.305252667083,2376.171667541264
1,All Population,1,Deaths,16,Philippines,3,Both,26,70+ years,494,Stroke,86,Ambient particulate matter pollution,2,Percent,2023,0.11973826672032854,0.17247115409319974,0.072055859723907
1,All Population,1,Deaths,16,Philippines,3,Both,26,70+ years,494,Stroke,86,Ambient particulate matter pollution,3,Rate,2023,102.58380808086127,153.16814592839043,61.361503618653074
1,All Population,1,Deaths,16,Philippines,3,Both,27,Age-standardized,494,Stroke,86,Ambient particulate matter pollution,2,Percent,2023,0.12308463382727064,0.17642192346370222,0.07444211922193847
1,All Population,1,Deaths,16,Philippines,3,Both,27,Age-standardized,494,Stroke,86,Ambient particulate matter pollution,3,Rate,2023,11.716281946761463,17.678368697738694,7.07925000642097
1,All Population,1,Deaths,16,Philippines,3,Both,30,80-84 years,494,Stroke,86,Ambient particulate matter pollution,1,Number,2023,823.6072209656905,1264.5015482696192,481.1343724572402
1,All Population,1,Deaths,16,Philippines,3,Both,30,80-84 years,494,Stroke,86,Ambient particulate matter pollution,2,Percent,2023,0.1160262880522002,0.1679233485767064,0.06913591286904822
1,All Population,1,Deaths,16,Philippines,3,Both,30,80-84 years,494,Stroke,86,Ambient particulate matter pollution,3,Rate,2023,138.53661785938945,212.69819316279657,80.93023834586135
1,All Population,1,Deaths,16,Philippines,3,Both,31,85-89 years,494,Stroke,86,Ambient particulate matter pollution,1,Number,2023,670.8209565178403,1053.8271588797638,397.7730940150379
1,All Population,1,Deaths,16,Philippines,3,Both,31,85-89 years,494,Stroke,86,Ambient particulate matter pollution,2,Percent,2023,0.11784085146961905,0.17013751238369773,0.07048189513385808
1,All Population,1,Deaths,16,Philippines,3,Both,31,85-89 years,494,Stroke,86,Ambient particulate matter pollution,3,Rate,2023,238.3973648207245,374.5106875574559,141.36120299820925
1,All Population,1,Deaths,16,Philippines,3,Both,32,90-94 years,494,Stroke,86,Ambient particulate matter pollution,1,Number,2023,247.86586041287458,390.2766302038579,145.2837577392677
1,All Population,1,Deaths,16,Philippines,3,Both,32,90-94 years,494,Stroke,86,Ambient particulate matter pollution,2,Percent,2023,0.11715681071256262,0.170960750780223,0.07134419351601834
1,All Population,1,Deaths,16,Philippines,3,Both,32,90-94 years,494,Stroke,86,Ambient particulate matter pollution,3,Rate,2023,265.58097661253436,418.169926370408,155.66727181412776
1,All Population,1,Deaths,16,Philippines,3,Both,37,20+ years,494,Stroke,86,Ambient particulate matter pollution,1,Number,2023,8995.225131090621,13505.415852826776,5437.33951817109
1,All Population,1,Deaths,16,Philippines,3,Both,37,20+ years,494,Stroke,86,Ambient particulate matter pollution,2,Percent,2023,0.12559232933725167,0.17973067776731091,0.07600275448116564
1,All Population,1,Deaths,16,Philippines,3,Both,37,20+ years,494,Stroke,86,Ambient particulate matter pollution,3,Rate,2023,12.799552782847975,19.21722697802111,7.736939670420232
1,All Population,1,Deaths,16,Philippines,3,Both,41,50-74 years,494,Stroke,86,Ambient particulate matter pollution,1,Number,2023,4938.926049222159,7417.791357742969,2959.7599309341354
1,All Population,1,Deaths,16,Philippines,3,Both,41,50-74 years,494,Stroke,86,Ambient particulate matter pollution,2,Percent,2023,0.12880080169309552,0.18422684750585552,0.07793697601336402
1,All Population,1,Deaths,16,Philippines,3,Both,41,50-74 years,494,Stroke,86,Ambient particulate matter pollution,3,Rate,2023,27.360840070347912,41.093347215915145,16.39658446185214
1,All Population,1,Deaths,16,Philippines,3,Both,157,25+ years,494,Stroke,86,Ambient particulate matter pollution,1,Number,2023,8995.225131090621,13505.415852826776,5437.33951817109
1,All Population,1,Deaths,16,Philippines,3,Both,157,25+ years,494,Stroke,86,Ambient particulate matter pollution,2,Percent,2023,0.126110121744668,0.18049728181021402,0.07630241798935716
1,All Population,1,Deaths,16,Philippines,3,Both,157,25+ years,494,Stroke,86,Ambient particulate matter pollution,3,Rate,2023,15.060519028596328,22.611837889147214,9.10362487708252
1,All Population,1,Deaths,16,Philippines,3,Both,160,85+ years,494,Stroke,86,Ambient particulate matter pollution,1,Number,2023,970.8428284115247,1491.506417616782,575.8739252003329
1,All Population,1,Deaths,16,Philippines,3,Both,160,85+ years,494,Stroke,86,Ambient particulate matter pollution,2,Percent,2023,0.11738974553386503,0.1700568462833671,0.07052962181089953
1,All Population,1,Deaths,16,Philippines,3,Both,160,85+ years,494,Stroke,86,Ambient particulate matter pollution,3,Rate,2023,247.6551810785193,380.47280272856227,146.9013902664711
1,All Population,1,Deaths,16,Philippines,3,Both,169,10-54 years,494,Stroke,86,Ambient particulate matter pollution,1,Number,2023,1971.7699722283871,2970.739754572743,1178.3585594708406
1,All Population,1,Deaths,16,Philippines,3,Both,169,10-54 years,494,Stroke,86,Ambient particulate matter pollution,2,Percent,2023,0.1298791658995716,0.18473865282978089,0.07981281686570446
1,All Population,1,Deaths,16,Philippines,3,Both,169,10-54 years,494,Stroke,86,Ambient particulate matter pollution,3,Rate,2023,2.51327210108491,3.7865863918769027,1.5019681475551134
1,All Population,1,Deaths,16,Philippines,3,Both,197,15-39 years,494,Stroke,86,Ambient particulate matter pollution,1,Number,2023,371.6231311515889,581.919933137785,215.51744462713458
1,All Population,1,Deaths,16,Philippines,3,Both,197,15-39 years,494,Stroke,86,Ambient particulate matter pollution,2,Percent,2023,0.11509533507034837,0.16262893754200075,0.07244418326020198
1,All Population,1,Deaths,16,Philippines,3,Both,197,15-39 years,494,Stroke,86,Ambient particulate matter pollution,3,Rate,2023,0.7710167612588763,1.2073253372833248,0.44713998732070637
1,All Population,1,Deaths,16,Philippines,3,Both,228,55+ years,494,Stroke,86,Ambient particulate matter pollution,1,Number,2023,7023.455158862237,10569.965568506026,4233.429497096816
1,All Population,1,Deaths,16,Philippines,3,Both,228,55+ years,494,Stroke,86,Ambient particulate matter pollution,2,Percent,2023,0.1238733863260644,0.1776186483737484,0.07476376121967437
1,All Population,1,Deaths,16,Philippines,3,Both,228,55+ years,494,Stroke,86,Ambient particulate matter pollution,3,Rate,2023,47.52504921996109,71.52293601001925,28.646006939318717
1,All Population,1,Deaths,16,Philippines,3,Both,231,60+ years,494,Stroke,86,Ambient particulate matter pollution,1,Number,2023,6151.76124459365,9241.568514931298,3712.614441311534
1,All Population,1,Deaths,16,Philippines,3,Both,231,60+ years,494,Stroke,86,Ambient particulate matter pollution,2,Percent,2023,0.12274074676791398,0.17608999535952075,0.07402017832002196
1,All Population,1,Deaths,16,Philippines,3,Both,231,60+ years,494,Stroke,86,Ambient particulate matter pollution,3,Rate,2023,59.501668549956484,89.38720551621122,35.90951357789451
1,All Population,1,Deaths,16,Philippines,3,Both,232,65-74 years,494,Stroke,86,Ambient particulate matter pollution,1,Number,2023,2318.11476212807,3411.072016284778,1399.8016086696791
1,All Population,1,Deaths,16,Philippines,3,Both,232,65-74 years,494,Stroke,86,Ambient particulate matter pollution,2,Percent,2023,0.12542739864310012,0.17958801221815385,0.07590381123310687
1,All Population,1,Deaths,16,Philippines,3,Both,232,65-74 years,494,Stroke,86,Ambient particulate matter pollution,3,Rate,2023,50.49446889677049,74.30187350725306,30.49125951198932
1,All Population,1,Deaths,16,Philippines,3,Both,234,75+ years,494,Stroke,86,Ambient particulate matter pollution,1,Number,2023,2811.326288504824,4229.442356664747,1665.7446549535266
1,All Population,1,Deaths,16,Philippines,3,Both,234,75+ years,494,Stroke,86,Ambient particulate matter pollution,2,Percent,2023,0.11819278098691256,0.1707111040549803,0.07089116127539373
1,All Population,1,Deaths,16,Philippines,3,Both,234,75+ years,494,Stroke,86,Ambient particulate matter pollution,3,Rate,2023,137.50401651468488,206.86510635093765,81.47278438668674
1,All Population,1,Deaths,16,Philippines,3,Both,235,95+ years,494,Stroke,86,Ambient particulate matter pollution,1,Number,2023,52.156011480810164,82.51273569802825,28.876158105120936
1,All Population,1,Deaths,16,Philippines,3,Both,235,95+ years,494,Stroke,86,Ambient particulate matter pollution,2,Percent,2023,0.11295856015412349,0.1637712701436978,0.06608784900182141
1,All Population,1,Deaths,16,Philippines,3,Both,235,95+ years,494,Stroke,86,Ambient particulate matter pollution,3,Rate,2023,301.54041991372685,477.0480768025807,166.94775143450218
1,All Population,1,Deaths,16,Philippines,3,Both,243,75-84 years,494,Stroke,86,Ambient particulate matter pollution,1,Number,2023,1840.4834600933,2777.0980455898803,1089.8707297531937
1,All Population,1,Deaths,16,Philippines,3,Both,243,75-84 years,494,Stroke,86,Ambient particulate matter pollution,2,Percent,2023,0.11862730881286071,0.17105199770739854,0.07114090199574812
1,All Population,1,Deaths,16,Philippines,3,Both,243,75-84 years,494,Stroke,86,Ambient particulate matter pollution,3,Rate,2023,111.37386275192111,168.0515708424115,65.9517543649727
1,All Population,1,Deaths,16,Philippines,3,Both,284,20-54 years,494,Stroke,86,Ambient particulate matter pollution,1,Number,2023,1971.7699722283871,2970.739754572743,1178.3585594708406
1,All Population,1,Deaths,16,Philippines,3,Both,284,20-54 years,494,Stroke,86,Ambient particulate matter pollution,2,Percent,2023,0.13213413608680735,0.18804441866162022,0.08095547390626992
1,All Population,1,Deaths,16,Philippines,3,Both,284,20-54 years,494,Stroke,86,Ambient particulate matter pollution,3,Rate,2023,3.5527883763513555,5.352759103681299,2.1231982696900604
1,All Population,1,Deaths,16,Philippines,3,Both,420,<70 years,494,Stroke,86,Ambient particulate matter pollution,1,Number,2023,5022.755032816591,7547.646950444343,3005.081126198168
1,All Population,1,Deaths,16,Philippines,3,Both,420,<70 years,494,Stroke,86,Ambient particulate matter pollution,2,Percent,2023,0.12904967459251607,0.1841501304668546,0.07851041595243484
1,All Population,1,Deaths,16,Philippines,3,Both,420,<70 years,494,Stroke,86,Ambient particulate matter pollution,3,Rate,2023,4.539766387422588,6.821864436129079,2.716112213129831
1,All Population,3,YLDs (Years Lived with Disability),16,Philippines,3,Both,1,<5 years,294,All causes,86,Ambient particulate matter pollution,1,Number,2023,195.78790812037937,287.7263611963411,125.54461202958001
1,All Population,3,YLDs (Years Lived with Disability),16,Philippines,3,Both,1,<5 years,294,All causes,86,Ambient particulate matter pollution,2,Percent,2023,0.00046577301945823385,0.0006326664474825069,0.00031121398134123203
1,All Population,3,YLDs (Years Lived with Disability),16,Philippines,3,Both,1,<5 years,294,All causes,86,Ambient particulate matter pollution,3,Rate,2023,1.9449431337886165,2.8582531781009295,1.2471512336755555
1,All Population,3,YLDs (Years Lived with Disability),16,Philippines,3,Both,2,0-6 days,294,All causes,86,Ambient particulate matter pollution,1,Number,2023,21.30468962292181,27.95625782373019,15.424882153662555
1,All Population,3,YLDs (Years Lived with Disability),16,Philippines,3,Both,2,0-6 days,294,All causes,86,Ambient particulate matter pollution,2,Percent,2023,0.021427836567390068,0.026584069023467313,0.014968099803084414
1,All Population,3,YLDs (Years Lived with Disability),16,Philippines,3,Both,2,0-6 days,294,All causes,86,Ambient particulate matter pollution,3,Rate,2023,56.74861904839401,74.46618811806817,41.08676430858609
1,All Population,3,YLDs (Years Lived with Disability),16,Philippines,3,Both,3,7-27 days,294,All causes,86,Ambient particulate matter pollution,1,Number,2023,72.0950552861962,93.10244614747242,52.18469958089749
1,All Population,3,YLDs (Years Lived with Disability),16,Philippines,3,Both,3,7-27 days,294,All causes,86,Ambient particulate matter pollution,2,Percent,2023,0.02302475278447312,0.02883122728526433,0.017213157678645088
1,All Population,3,YLDs (Years Lived with Disability),16,Philippines,3,Both,3,7-27 days,294,All causes,86,Ambient particulate matter pollution,3,Rate,2023,64.34870748974834,83.09893168042043,46.57764607352364
1,All Population,3,YLDs (Years Lived with Disability),16,Philippines,3,Both,6,5-9 years,294,All causes,86,Ambient particulate matter pollution,1,Number,2023,36.616092483320074,66.43117019164663,14.093111821483909
1,All Population,3,YLDs (Years Lived with Disability),16,Philippines,3,Both,6,5-9 years,294,All causes,86,Ambient particulate matter pollution,2,Percent,2023,7.00526702167284e-05,0.00011266012268340454,2.8793521212592123e-05
1,All Population,3,YLDs (Years Lived with Disability),16,Philippines,3,Both,6,5-9 years,294,All causes,86,Ambient particulate matter pollution,3,Rate,2023,0.32657244055658213,0.5924878354619183,0.12569396706312638
1,All Population,3,YLDs (Years Lived with Disability),16,Philippines,3,Both,7,10-14 years,294,All causes,86,Ambient particulate matter pollution,1,Number,2023,13.171419536221658,24.148565674026393,5.3469344878569345
1,All Population,3,YLDs (Years Lived with Disability),16,Philippines,3,Both,7,10-14 years,294,All causes,86,Ambient particulate matter pollution,2,Percent,2023,2.088881604873536e-05,3.508888380179241e-05,8.555429341897789e-06
1,All Population,3,YLDs (Years Lived with Disability),16,Philippines,3,Both,7,10-14 years,294,All causes,86,Ambient particulate matter pollution,3,Rate,2023,0.11106746780716097,0.20363181304893962,0.04508781095795285
1,All Population,3,YLDs (Years Lived with Disability),16,Philippines,3,Both,8,15-19 years,294,All causes,86,Ambient particulate matter pollution,1,Number,2023,9.322005247481219,16.227519801710443,3.452880245197764
1,All Population,3,YLDs (Years Lived with Disability),16,Philippines,3,Both,8,15-19 years,294,All causes,86,Ambient particulate matter pollution,2,Percent,2023,1.3050601230107384e-05,2.0540270514667656e-05,5.003005455835761e-06
1,All Population,3,YLDs (Years Lived with Disability),16,Philippines,3,Both,8,15-19 years,294,All causes,86,Ambient particulate matter pollution,3,Rate,2023,0.08401125844905305,0.14624475355417554,0.031117855758697206
1,All Population,3,YLDs (Years Lived with Disability),16,Philippines,3,Both,9,20-24 years,294,All causes,86,Ambient particulate matter pollution,1,Number,2023,8.53985672954213,14.842106152978388,3.3377941895345433
1,All Population,3,YLDs (Years Lived with Disability),16,Philippines,3,Both,9,20-24 years,294,All causes,86,Ambient particulate matter pollution,2,Percent,2023,1.0730146878486931e-05,1.7852143903854535e-05,4.403477314229181e-06
1,All Population,3,YLDs (Years Lived with Disability),16,Philippines,3,Both,9,20-24 years,294,All causes,86,Ambient particulate matter pollution,3,Rate,2023,0.08094298263526911,0.14067734139560475,0.031636481229127385
1,All Population,3,YLDs (Years Lived with Disability),16,Philippines,3,Both,10,25-29 years,294,All causes,86,Ambient particulate matter pollution,1,Number,2023,3968.5813854441913,5554.998000161273,2782.7649213792533
1,All Population,3,YLDs (Years Lived with Disability),16,Philippines,3,Both,10,25-29 years,294,All causes,86,Ambient particulate matter pollution,2,Percent,2023,0.004695825034065703,0.006298745773343112,0.003328408404373422
1,All Population,3,YLDs (Years Lived with Disability),16,Philippines,3,Both,10,25-29 years,294,All causes,86,Ambient particulate matter pollution,3,Rate,2023,40.42050679540682,56.57836204078714,28.342815099416246
1,All Population,3,YLDs (Years Lived with Disability),16,Philippines,3,Both,11,30-34 years,294,All causes,86,Ambient particulate matter pollution,1,Number,2023,5317.252526326123,7508.671193450635,3678.639531889091
1,All Population,3,YLDs (Years Lived with Disability),16,Philippines,3,Both,11,30-34 years,294,All causes,86,Ambient particulate matter pollution,2,Percent,2023,0.006257180694164758,0.008549216437384714,0.004564560305366335
1,All Population,3,YLDs (Years Lived with Disability),16,Philippines,3,Both,11,30-34 years,294,All causes,86,Ambient particulate matter pollution,3,Rate,2023,59.2314226806153,83.64268483150789,40.97812769360651
1,All Population,3,YLDs (Years Lived with Disability),16,Philippines,3,Both,12,35-39 years,294,All causes,86,Ambient particulate matter pollution,1,Number,2023,6513.693130240706,9233.93639871024,4387.012848726707
1,All Population,3,YLDs (Years Lived with Disability),16,Philippines,3,Both,12,35-39 years,294,All causes,86,Ambient particulate matter pollution,2,Percent,2023,0.008096565783937403,0.011238358333896217,0.005936745881806033
1,All Population,3,YLDs (Years Lived with Disability),16,Philippines,3,Both,12,35-39 years,294,All causes,86,Ambient particulate matter pollution,3,Rate,2023,83.96982671460222,119.0372379831017,56.55420071788096
1,All Population,3,YLDs (Years Lived with Disability),16,Philippines,3,Both,13,40-44 years,294,All causes,86,Ambient particulate matter pollution,1,Number,2023,8382.07563599794,11884.538924817134,5483.397979840349
1,All Population,3,YLDs (Years Lived with Disability),16,Philippines,3,Both,13,40-44 years,294,All causes,86,Ambient particulate matter pollution,2,Percent,2023,0.010505753954141994,0.014394459029932022,0.007613396710665979
1,All Population,3,YLDs (Years Lived with Disability),16,Philippines,3,Both,13,40-44 years,294,All causes,86,Ambient particulate matter pollution,3,Rate,2023,118.60110546087793,168.15876109764238,77.58663728803059
1,All Population,3,YLDs (Years Lived with Disability),16,Philippines,3,Both,14,45-49 years,294,All causes,86,Ambient particulate matter pollution,1,Number,2023,10184.602602108971,14420.816281517313,6826.017188825444
1,All Population,3,YLDs (Years Lived with Disability),16,Philippines,3,Both,14,45-49 years,294,All causes,86,Ambient particulate matter pollution,2,Percent,2023,0.01356413038938186,0.018321797067013586,0.0095075983193438
1,All Population,3,YLDs (Years Lived with Disability),16,Philippines,3,Both,14,45-49 years,294,All causes,86,Ambient particulate matter pollution,3,Rate,2023,169.4152145124623,239.88227908589766,113.54700929333754
1,All Population,3,YLDs (Years Lived with Disability),16,Philippines,3,Both,15,50-54 years,294,All causes,86,Ambient particulate matter pollution,1,Number,2023,12720.479435369929,18159.901471579215,8718.402886750542
1,All Population,3,YLDs (Years Lived with Disability),16,Philippines,3,Both,15,50-54 years,294,All causes,86,Ambient particulate matter pollution,2,Percent,2023,0.01690604793358051,0.023114987355927,0.011987676453495286
1,All Population,3,YLDs (Years Lived with Disability),16,Philippines,3,Both,15,50-54 years,294,All causes,86,Ambient particulate matter pollution,3,Rate,2023,239.2331491500661,341.5319712888219,163.96638104353823
1,All Population,3,YLDs (Years Lived with Disability),16,Philippines,3,Both,16,55-59 years,294,All causes,86,Ambient particulate matter pollution,1,Number,2023,14202.98705488239,20099.405808461885,9684.84082738546
1,All Population,3,YLDs (Years Lived with Disability),16,Philippines,3,Both,16,55-59 years,294,All causes,86,Ambient particulate matter pollution,2,Percent,2023,0.019909568512489526,0.027215131306230312,0.014000549494719013
1,All Population,3,YLDs (Years Lived with Disability),16,Philippines,3,Both,16,55-59 years,294,All causes,86,Ambient particulate matter pollution,3,Rate,2023,319.9142341813722,452.7277249403893,218.14555096679004
1,All Population,3,YLDs (Years Lived with Disability),16,Philippines,3,Both,17,60-64 years,294,All causes,86,Ambient particulate matter pollution,1,Number,2023,15326.474425635537,21616.835030751932,10496.943596865454
1,All Population,3,YLDs (Years Lived with Disability),16,Philippines,3,Both,17,60-64 years,294,All causes,86,Ambient particulate matter pollution,2,Percent,2023,0.022747591130805135,0.030881549499727774,0.016037291647102058
1,All Population,3,YLDs (Years Lived with Disability),16,Philippines,3,Both,17,60-64 years,294,All causes,86,Ambient particulate matter pollution,3,Rate,2023,413.8449116314952,583.6970026251279,283.4380937588284
1,All Population,3,YLDs (Years Lived with Disability),16,Philippines,3,Both,18,65-69 years,294,All causes,86,Ambient particulate matter pollution,1,Number,2023,14319.672993208167,19835.866858985428,10006.470423372832
1,All Population,3,YLDs (Years Lived with Disability),16,Philippines,3,Both,18,65-69 years,294,All causes,86,Ambient particulate matter pollution,2,Percent,2023,0.02493323315581231,0.03337489030783417,0.01780914314249916
1,All Population,3,YLDs (Years Lived with Disability),16,Philippines,3,Both,18,65-69 years,294,All causes,86,Ambient particulate matter pollution,3,Rate,2023,518.2736622601082,717.9219362052681,362.16539826563525
1,All Population,3,YLDs (Years Lived with Disability),16,Philippines,3,Both,19,70-74 years,294,All causes,86,Ambient particulate matter pollution,1,Number,2023,11613.583382554561,15841.87155569667,8032.402361646539
1,All Population,3,YLDs (Years Lived with Disability),16,Philippines,3,Both,19,70-74 years,294,All causes,86,Ambient particulate matter pollution,2,Percent,2023,0.027029766744704205,0.036370744852035564,0.019221288979063264
1,All Population,3,YLDs (Years Lived with Disability),16,Philippines,3,Both,19,70-74 years,294,All causes,86,Ambient particulate matter pollution,3,Rate,2023,635.3604741303761,866.6833216920476,439.4398184257165
1,All Population,3,YLDs (Years Lived with Disability),16,Philippines,3,Both,20,75-79 years,294,All causes,86,Ambient particulate matter pollution,1,Number,2023,7968.843759297337,11097.864933637262,5526.983654409612
1,All Population,3,YLDs (Years Lived with Disability),16,Philippines,3,Both,20,75-79 years,294,All causes,86,Ambient particulate matter pollution,2,Percent,2023,0.02867694918061574,0.04021332679789197,0.020414870881601467
1,All Population,3,YLDs (Years Lived with Disability),16,Philippines,3,Both,20,75-79 years,294,All causes,86,Ambient particulate matter pollution,3,Rate,2023,753.1830369192303,1048.925523766749,522.3882484801335
1,All Population,3,YLDs (Years Lived with Disability),16,Philippines,3,Both,21,80+ years,294,All causes,86,Ambient particulate matter pollution,1,Number,2023,9609.225680270138,13834.221806744608,6445.043311640698
1,All Population,3,YLDs (Years Lived with Disability),16,Philippines,3,Both,21,80+ years,294,All causes,86,Ambient particulate matter pollution,2,Percent,2023,0.03155827712798046,0.045719377952601045,0.021500895574849077
1,All Population,3,YLDs (Years Lived with Disability),16,Philippines,3,Both,21,80+ years,294,All causes,86,Ambient particulate matter pollution,3,Rate,2023,974.0537762308948,1402.326934598184,653.3116178720871
1,All Population,3,YLDs (Years Lived with Disability),16,Philippines,3,Both,22,All ages,294,All causes,86,Ambient particulate matter pollution,1,Number,2023,120390.909293453,165995.26497518065,84960.87762785802
1,All Population,3,YLDs (Years Lived with Disability),16,Philippines,3,Both,22,All ages,294,All causes,86,Ambient particulate matter pollution,2,Percent,2023,0.011101266931524537,0.014910109200643576,0.0080594274430477
1,All Population,3,YLDs (Years Lived with Disability),16,Philippines,3,Both,22,All ages,294,All causes,86,Ambient particulate matter pollution,3,Rate,2023,105.13435960677869,144.95949888030478,74.19420214911942
1,All Population,3,YLDs (Years Lived with Disability),16,Philippines,3,Both,23,5-14 years,294,All causes,86,Ambient particulate matter pollution,1,Number,2023,49.7875120195417,88.38297853192367,19.863097904001464
1,All Population,3,YLDs (Years Lived with Disability),16,Philippines,3,Both,23,5-14 years,294,All causes,86,Ambient particulate matter pollution,2,Percent,2023,4.313292841438595e-05,6.809427451498827e-05,1.776431735245682e-05
1,All Population,3,YLDs (Years Lived with Disability),16,Philippines,3,Both,23,5-14 years,294,All causes,86,Ambient particulate matter pollution,3,Rate,2023,0.21579961230739883,0.3830882831477117,0.08609485899245145
1,All Population,3,YLDs (Years Lived with Disability),16,Philippines,3,Both,24,15-49 years,294,All causes,86,Ambient particulate matter pollution,1,Number,2023,34384.06714209497,48451.418109532635,23010.715936041503
1,All Population,3,YLDs (Years Lived with Disability),16,Philippines,3,Both,24,15-49 years,294,All causes,86,Ambient particulate matter pollution,2,Percent,2023,0.006191980621221628,0.008383703594783675,0.0043969115725759475
1,All Population,3,YLDs (Years Lived with Disability),16,Philippines,3,Both,24,15-49 years,294,All causes,86,Ambient particulate matter pollution,3,Rate,2023,56.111443429737065,79.06798794652235,37.55124372538885
1,All Population,3,YLDs (Years Lived with Disability),16,Philippines,3,Both,25,50-69 years,294,All causes,86,Ambient particulate matter pollution,1,Number,2023,56569.61390909601,78682.0824755206,39010.10272800551
1,All Population,3,YLDs (Years Lived with Disability),16,Philippines,3,Both,25,50-69 years,294,All causes,86,Ambient particulate matter pollution,2,Percent,2023,0.020841624899063247,0.02819691109244738,0.014704743995813781
1,All Population,3,YLDs (Years Lived with Disability),16,Philippines,3,Both,25,50-69 years,294,All causes,86,Ambient particulate matter pollution,3,Rate,2023,348.69571800311337,484.99721576445626,240.4586992935066
1,All Population,3,YLDs (Years Lived with Disability),16,Philippines,3,Both,26,70+ years,294,All causes,86,Ambient particulate matter pollution,1,Number,2023,29191.652822122018,40197.006642024324,20184.261936216404
1,All Population,3,YLDs (Years Lived with Disability),16,Philippines,3,Both,26,70+ years,294,All causes,86,Ambient particulate matter pollution,2,Percent,2023,0.028842870102669522,0.03978061372720253,0.020415405381387537
1,All Population,3,YLDs (Years Lived with Disability),16,Philippines,3,Both,26,70+ years,294,All causes,86,Ambient particulate matter pollution,3,Rate,2023,753.8359853152317,1038.0347523779085,521.2319794724916
1,All Population,3,YLDs (Years Lived with Disability),16,Philippines,3,Both,27,Age-standardized,294,All causes,86,Ambient particulate matter pollution,2,Percent,2023,0.013080639576113764,0.01756226179718376,0.009504036357234109
1,All Population,3,YLDs (Years Lived with Disability),16,Philippines,3,Both,27,Age-standardized,294,All causes,86,Ambient particulate matter pollution,3,Rate,2023,132.95523734256363,180.96379382306625,94.13846915701113
1,All Population,3,YLDs (Years Lived with Disability),16,Philippines,3,Both,28,<1 year,294,All causes,86,Ambient particulate matter pollution,1,Number,2023,122.93711385020075,164.91724671180597,86.45050136899167
1,All Population,3,YLDs (Years Lived with Disability),16,Philippines,3,Both,28,<1 year,294,All causes,86,Ambient particulate matter pollution,2,Percent,2023,0.0019294556860326448,0.002324952622537552,0.001516486083635436
1,All Population,3,YLDs (Years Lived with Disability),16,Philippines,3,Both,28,<1 year,294,All causes,86,Ambient particulate matter pollution,3,Rate,2023,6.315181066883453,8.471666866248327,4.440893009195584
1,All Population,3,YLDs (Years Lived with Disability),16,Philippines,3,Both,30,80-84 years,294,All causes,86,Ambient particulate matter pollution,1,Number,2023,5257.530271185299,7332.017114598625,3505.210608373318
1,All Population,3,YLDs (Years Lived with Disability),16,Philippines,3,Both,30,80-84 years,294,All causes,86,Ambient particulate matter pollution,2,Percent,2023,0.03030151078585982,0.04263228987990427,0.020951937171504287
1,All Population,3,YLDs (Years Lived with Disability),16,Philippines,3,Both,30,80-84 years,294,All causes,86,Ambient particulate matter pollution,3,Rate,2023,884.3541478538251,1233.2976536469278,589.6014631823163
1,All Population,3,YLDs (Years Lived with Disability),16,Philippines,3,Both,31,85-89 years,294,All causes,86,Ambient particulate matter pollution,1,Number,2023,3002.0494794028546,4284.1392748133285,1989.8230176079546
1,All Population,3,YLDs (Years Lived with Disability),16,Philippines,3,Both,31,85-89 years,294,All causes,86,Ambient particulate matter pollution,2,Percent,2023,0.0329547209524393,0.04796898415453418,0.022065985909094407
1,All Population,3,YLDs (Years Lived with Disability),16,Philippines,3,Both,31,85-89 years,294,All causes,86,Ambient particulate matter pollution,3,Rate,2023,1066.8728786680877,1522.5038867927874,707.146309679642
1,All Population,3,YLDs (Years Lived with Disability),16,Philippines,3,Both,32,90-94 years,294,All causes,86,Ambient particulate matter pollution,1,Number,2023,1127.8175944841437,1687.8269387663922,713.2531370651753
1,All Population,3,YLDs (Years Lived with Disability),16,Philippines,3,Both,32,90-94 years,294,All causes,86,Ambient particulate matter pollution,2,Percent,2023,0.03404062413408999,0.051041844268399854,0.020850794216350388
1,All Population,3,YLDs (Years Lived with Disability),16,Philippines,3,Both,32,90-94 years,294,All causes,86,Ambient particulate matter pollution,3,Rate,2023,1208.4233693376352,1808.4569048914489,764.2297507135198
1,All Population,3,YLDs (Years Lived with Disability),16,Philippines,3,Both,34,2-4 years,294,All causes,86,Ambient particulate matter pollution,1,Number,2023,53.126810759233436,92.37797642496903,20.228252208205838
1,All Population,3,YLDs (Years Lived with Disability),16,Philippines,3,Both,34,2-4 years,294,All causes,86,Ambient particulate matter pollution,2,Percent,2023,0.00019909331032883396,0.0003366870898125368,7.630050827461417e-05
1,All Population,3,YLDs (Years Lived with Disability),16,Philippines,3,Both,34,2-4 years,294,All causes,86,Ambient particulate matter pollution,3,Rate,2023,0.8638816277284921,1.5021349013764513,0.32892649105028765
1,All Population,3,YLDs (Years Lived with Disability),16,Philippines,3,Both,37,20+ years,294,All causes,86,Ambient particulate matter pollution,1,Number,2023,120136.01186806559,165630.6809001672,84779.00790687186
1,All Population,3,YLDs (Years Lived with Disability),16,Philippines,3,Both,37,20+ years,294,All causes,86,Ambient particulate matter pollution,2,Percent,2023,0.014023670763820292,0.018883192420486652,0.010245950126401632
1,All Population,3,YLDs (Years Lived with Disability),16,Philippines,3,Both,37,20+ years,294,All causes,86,Ambient particulate matter pollution,3,Rate,2023,170.94482935300593,235.68044287332947,120.6343777690338
1,All Population,3,YLDs (Years Lived with Disability),16,Philippines,3,Both,39,0-14 years,294,All causes,86,Ambient particulate matter pollution,1,Number,2023,245.57542013992128,367.47097190831346,146.70888014888493
1,All Population,3,YLDs (Years Lived with Disability),16,Philippines,3,Both,39,0-14 years,294,All causes,86,Ambient particulate matter pollution,2,Percent,2023,0.00015596480149735468,0.00021196347494049136,9.70069129907884e-05
1,All Population,3,YLDs (Years Lived with Disability),16,Philippines,3,Both,39,0-14 years,294,All causes,86,Ambient particulate matter pollution,3,Rate,2023,0.7410758934849585,1.10892156341045,0.4427251488628869
1,All Population,3,YLDs (Years Lived with Disability),16,Philippines,3,Both,41,50-74 years,294,All causes,86,Ambient particulate matter pollution,1,Number,2023,68183.19729165062,95010.80928600387,47443.97569876577
1,All Population,3,YLDs (Years Lived with Disability),16,Philippines,3,Both,41,50-74 years,294,All causes,86,Ambient particulate matter pollution,2,Percent,2023,0.02168815813206938,0.029093021441001624,0.015425031673862805
1,All Population,3,YLDs (Years Lived with Disability),16,Philippines,3,Both,41,50-74 years,294,All causes,86,Ambient particulate matter pollution,3,Rate,2023,377.72372738313004,526.3442966995,262.8318420762432
1,All Population,3,YLDs (Years Lived with Disability),16,Philippines,3,Both,42,<28 days,294,All causes,86,Ambient particulate matter pollution,1,Number,2023,93.39974490911797,120.765319501219,68.59622006313153
1,All Population,3,YLDs (Years Lived with Disability),16,Philippines,3,Both,42,<28 days,294,All causes,86,Ambient particulate matter pollution,2,Percent,2023,0.02261148846162428,0.028121877140042377,0.01715461398868583
1,All Population,3,YLDs (Years Lived with Disability),16,Philippines,3,Both,42,<28 days,294,All causes,86,Ambient particulate matter pollution,3,Rate,2023,62.44120912540117,80.73611525822642,45.85912869828286
1,All Population,3,YLDs (Years Lived with Disability),16,Philippines,3,Both,157,25+ years,294,All causes,86,Ambient particulate matter pollution,1,Number,2023,120127.47201133601,165619.37600147177,84773.78668747398
1,All Population,3,YLDs (Years Lived with Disability),16,Philippines,3,Both,157,25+ years,294,All causes,86,Ambient particulate matter pollution,2,Percent,2023,0.015450993044388399,0.020790492504309296,0.011268430190091301
1,All Population,3,YLDs (Years Lived with Disability),16,Philippines,3,Both,157,25+ years,294,All causes,86,Ambient particulate matter pollution,3,Rate,2023,201.12693698245937,277.29308910270635,141.9349942804678
1,All Population,3,YLDs (Years Lived with Disability),16,Philippines,3,Both,158,<20 years,294,All causes,86,Ambient particulate matter pollution,1,Number,2023,254.89742538740242,383.69849171002386,150.39021227033302
1,All Population,3,YLDs (Years Lived with Disability),16,Philippines,3,Both,158,<20 years,294,All causes,86,Ambient particulate matter pollution,2,Percent,2023,0.00011132761938118923,0.00015382330367148868,6.786932035736284e-05
1,All Population,3,YLDs (Years Lived with Disability),16,Philippines,3,Both,158,<20 years,294,All causes,86,Ambient particulate matter pollution,3,Rate,2023,0.5762500009985888,0.8674322853399283,0.33998915383019185
1,All Population,3,YLDs (Years Lived with Disability),16,Philippines,3,Both,159,10-24 years,294,All causes,86,Ambient particulate matter pollution,1,Number,2023,31.033281513245015,53.93013000158507,12.058855821351253
1,All Population,3,YLDs (Years Lived with Disability),16,Philippines,3,Both,159,10-24 years,294,All causes,86,Ambient particulate matter pollution,2,Percent,2023,1.4488222946038866e-05,2.2396331726210422e-05,5.855807235724032e-06
1,All Population,3,YLDs (Years Lived with Disability),16,Philippines,3,Both,159,10-24 years,294,All causes,86,Ambient particulate matter pollution,3,Rate,2023,0.09262136240139615,0.1609588761375208,0.03599063974909852
1,All Population,3,YLDs (Years Lived with Disability),16,Philippines,3,Both,160,85+ years,294,All causes,86,Ambient particulate matter pollution,1,Number,2023,4351.695409084839,6206.723366255575,2854.4680462768492
1,All Population,3,YLDs (Years Lived with Disability),16,Philippines,3,Both,160,85+ years,294,All causes,86,Ambient particulate matter pollution,2,Percent,2023,0.03322143357715492,0.04849204818060319,0.02185573481897006
1,All Population,3,YLDs (Years Lived with Disability),16,Philippines,3,Both,160,85+ years,294,All causes,86,Ambient particulate matter pollution,3,Rate,2023,1110.0869090198798,1583.2915011478422,728.154733387891
1,All Population,3,YLDs (Years Lived with Disability),16,Philippines,3,Both,162,10-19 years,294,All causes,86,Ambient particulate matter pollution,1,Number,2023,22.493424783702885,40.22897892589076,8.873672560122618
1,All Population,3,YLDs (Years Lived with Disability),16,Philippines,3,Both,162,10-19 years,294,All causes,86,Ambient particulate matter pollution,2,Percent,2023,1.6718008456211065e-05,2.672332164524491e-05,6.9480183087025445e-06
1,All Population,3,YLDs (Years Lived with Disability),16,Philippines,3,Both,162,10-19 years,294,All causes,86,Ambient particulate matter pollution,3,Rate,2023,0.0979889023187638,0.17525092440386425,0.03865669377001866
1,All Population,3,YLDs (Years Lived with Disability),16,Philippines,3,Both,169,10-54 years,294,All causes,86,Ambient particulate matter pollution,1,Number,2023,47117.71799700114,65900.48605887548,31902.597559669615
1,All Population,3,YLDs (Years Lived with Disability),16,Philippines,3,Both,169,10-54 years,294,All causes,86,Ambient particulate matter pollution,2,Percent,2023,0.006794917393083027,0.00915359656786852,0.004775554318729152
1,All Population,3,YLDs (Years Lived with Disability),16,Philippines,3,Both,169,10-54 years,294,All causes,86,Ambient particulate matter pollution,3,Rate,2023,60.05753600903953,83.99856747616738,40.663926080709224
1,All Population,3,YLDs (Years Lived with Disability),16,Philippines,3,Both,197,15-39 years,294,All causes,86,Ambient particulate matter pollution,1,Number,2023,15817.388903988032,22300.343377572488,10701.539195362267
1,All Population,3,YLDs (Years Lived with Disability),16,Philippines,3,Both,197,15-39 years,294,All causes,86,Ambient particulate matter pollution,2,Percent,2023,0.0039518408921182385,0.005340241926633828,0.002837595507990113
1,All Population,3,YLDs (Years Lived with Disability),16,Philippines,3,Both,197,15-39 years,294,All causes,86,Ambient particulate matter pollution,3,Rate,2023,32.81677307473709,46.26713755049655,22.20277856581389
1,All Population,3,YLDs (Years Lived with Disability),16,Philippines,3,Both,228,55+ years,294,All causes,86,Ambient particulate matter pollution,1,Number,2023,73040.7872958481,100153.61183459799,51281.15449496251
1,All Population,3,YLDs (Years Lived with Disability),16,Philippines,3,Both,228,55+ years,294,All causes,86,Ambient particulate matter pollution,2,Percent,2023,0.024565244615172482,0.032626027127639796,0.017868655958633062
1,All Population,3,YLDs (Years Lived with Disability),16,Philippines,3,Both,228,55+ years,294,All causes,86,Ambient particulate matter pollution,3,Rate,2023,494.23922169131066,677.7013911721499,347.00006425673945
1,All Population,3,YLDs (Years Lived with Disability),16,Philippines,3,Both,231,60+ years,294,All causes,86,Ambient particulate matter pollution,1,Number,2023,58837.80024096575,80698.54495938124,41353.61862463675
1,All Population,3,YLDs (Years Lived with Disability),16,Philippines,3,Both,231,60+ years,294,All causes,86,Ambient particulate matter pollution,2,Percent,2023,0.026033806443398914,0.03505396812535776,0.01898552416053662
1,All Population,3,YLDs (Years Lived with Disability),16,Philippines,3,Both,231,60+ years,294,All causes,86,Ambient particulate matter pollution,3,Rate,2023,569.0967430218836,780.5403824566081,399.9845265300082
1,All Population,3,YLDs (Years Lived with Disability),16,Philippines,3,Both,232,65-74 years,294,All causes,86,Ambient particulate matter pollution,1,Number,2023,25933.256375762725,35747.36033175708,18070.698262746777
1,All Population,3,YLDs (Years Lived with Disability),16,Philippines,3,Both,232,65-74 years,294,All causes,86,Ambient particulate matter pollution,2,Percent,2023,0.025829323206090334,0.03484446165149235,0.018314594226838385
1,All Population,3,YLDs (Years Lived with Disability),16,Philippines,3,Both,232,65-74 years,294,All causes,86,Ambient particulate matter pollution,3,Rate,2023,564.8926571071893,778.6689442228013,393.6260302028911
1,All Population,3,YLDs (Years Lived with Disability),16,Philippines,3,Both,234,75+ years,294,All causes,86,Ambient particulate matter pollution,1,Number,2023,17578.06943956748,24424.21917347995,11993.197424189348
1,All Population,3,YLDs (Years Lived with Disability),16,Philippines,3,Both,234,75+ years,294,All causes,86,Ambient particulate matter pollution,2,Percent,2023,0.03018291704667413,0.04233399857490924,0.02097425225194299
1,All Population,3,YLDs (Years Lived with Disability),16,Philippines,3,Both,234,75+ years,294,All causes,86,Ambient particulate matter pollution,3,Rate,2023,859.7561799914918,1194.606350148925,586.5960217505285
1,All Population,3,YLDs (Years Lived with Disability),16,Philippines,3,Both,235,95+ years,294,All causes,86,Ambient particulate matter pollution,1,Number,2023,221.82833519784555,322.5527314017311,127.5159147423919
1,All Population,3,YLDs (Years Lived with Disability),16,Philippines,3,Both,235,95+ years,294,All causes,86,Ambient particulate matter pollution,2,Percent,2023,0.032752898695741904,0.050538855693034276,0.018804974263546465
1,All Population,3,YLDs (Years Lived with Disability),16,Philippines,3,Both,235,95+ years,294,All causes,86,Ambient particulate matter pollution,3,Rate,2023,1282.50238937332,1864.8413348667118,737.2343357055067
1,All Population,3,YLDs (Years Lived with Disability),16,Philippines,3,Both,238,12-23 months,294,All causes,86,Ambient particulate matter pollution,1,Number,2023,19.72398351094523,35.507551378829035,7.912468080521778
1,All Population,3,YLDs (Years Lived with Disability),16,Philippines,3,Both,238,12-23 months,294,All causes,86,Ambient particulate matter pollution,2,Percent,2023,0.00021903541866672858,0.0003512164382771653,8.884074660158845e-05
1,All Population,3,YLDs (Years Lived with Disability),16,Philippines,3,Both,238,12-23 months,294,All causes,86,Ambient particulate matter pollution,3,Rate,2023,1.001197178609709,1.8023773057858965,0.4016399990225981
1,All Population,3,YLDs (Years Lived with Disability),16,Philippines,3,Both,243,75-84 years,294,All causes,86,Ambient particulate matter pollution,1,Number,2023,13226.374030482642,18370.682592780395,9060.357580480933
1,All Population,3,YLDs (Years Lived with Disability),16,Philippines,3,Both,243,75-84 years,294,All causes,86,Ambient particulate matter pollution,2,Percent,2023,0.029300347512047527,0.04093150867050151,0.020824409338180083
1,All Population,3,YLDs (Years Lived with Disability),16,Philippines,3,Both,243,75-84 years,294,All causes,86,Ambient particulate matter pollution,3,Rate,2023,800.3725096784483,1111.6719742994658,548.2728008871419
1,All Population,3,YLDs (Years Lived with Disability),16,Philippines,3,Both,284,20-54 years,294,All causes,86,Ambient particulate matter pollution,1,Number,2023,47095.22457221739,65881.33422403116,31887.018559539418
1,All Population,3,YLDs (Years Lived with Disability),16,Philippines,3,Both,284,20-54 years,294,All causes,86,Ambient particulate matter pollution,2,Percent,2023,0.008417071900577616,0.011339558089012675,0.005990312535156516
1,All Population,3,YLDs (Years Lived with Disability),16,Philippines,3,Both,284,20-54 years,294,All causes,86,Ambient particulate matter pollution,3,Rate,2023,84.85744726740893,118.70676688778866,57.45489103214197
1,All Population,3,YLDs (Years Lived with Disability),16,Philippines,3,Both,388,1-5 months,294,All causes,86,Ambient particulate matter pollution,1,Number,2023,15.487493303503761,25.863801395276816,5.537844425395892
1,All Population,3,YLDs (Years Lived with Disability),16,Philippines,3,Both,388,1-5 months,294,All causes,86,Ambient particulate matter pollution,2,Percent,2023,0.0005553225069328308,0.0008531012978578326,0.00018670817048995847
1,All Population,3,YLDs (Years Lived with Disability),16,Philippines,3,Both,388,1-5 months,294,All causes,86,Ambient particulate matter pollution,3,Rate,2023,1.8748621650387085,3.1309819949436015,0.6703922181323166
1,All Population,3,YLDs (Years Lived with Disability),16,Philippines,3,Both,389,6-11 months,294,All causes,86,Ambient particulate matter pollution,1,Number,2023,14.049875637578975,23.713070009002884,5.150345181242992
1,All Population,3,YLDs (Years Lived with Disability),16,Philippines,3,Both,389,6-11 months,294,All causes,86,Ambient particulate matter pollution,2,Percent,2023,0.0004411846318652282,0.0006725702883533833,0.0001554198255408547
1,All Population,3,YLDs (Years Lived with Disability),16,Philippines,3,Both,389,6-11 months,294,All causes,86,Ambient particulate matter pollution,3,Rate,2023,1.4468728452777124,2.4420000546074356,0.5303886510294746
1,All Population,3,YLDs (Years Lived with Disability),16,Philippines,3,Both,420,<70 years,294,All causes,86,Ambient particulate matter pollution,1,Number,2023,91199.25647133097,125533.39959741883,62424.965913549284
1,All Population,3,YLDs (Years Lived with Disability),16,Philippines,3,Both,420,<70 years,294,All causes,86,Ambient particulate matter pollution,2,Percent,2023,0.009271159735394868,0.012273628153177724,0.006522344190015225
1,All Population,3,YLDs (Years Lived with Disability),16,Philippines,3,Both,420,<70 years,294,All causes,86,Ambient particulate matter pollution,3,Rate,2023,82.429526501178,113.46209485985509,56.422174710641585
1,All Population,3,YLDs (Years Lived with Disability),16,Philippines,3,Both,10,25-29 years,493,Ischemic heart disease,86,Ambient particulate matter pollution,1,Number,2023,331.00156375194854,527.3852019455269,190.4632336341332
1,All Population,3,YLDs (Years Lived with Disability),16,Philippines,3,Both,10,25-29 years,493,Ischemic heart disease,86,Ambient particulate matter pollution,2,Percent,2023,0.1459434005941737,0.19220984916834216,0.09805030096494394
1,All Population,3,YLDs (Years Lived with Disability),16,Philippines,3,Both,10,25-29 years,493,Ischemic heart disease,86,Ambient particulate matter pollution,3,Rate,2023,3.371293078679905,5.371485442436051,1.9398922893758306
1,All Population,3,YLDs (Years Lived with Disability),16,Philippines,3,Both,11,30-34 years,493,Ischemic heart disease,86,Ambient particulate matter pollution,1,Number,2023,483.028616900195,776.812074179771,276.20187952966
1,All Population,3,YLDs (Years Lived with Disability),16,Philippines,3,Both,11,30-34 years,493,Ischemic heart disease,86,Ambient particulate matter pollution,2,Percent,2023,0.14791025065109992,0.19348036071360109,0.10008612902217806
1,All Population,3,YLDs (Years Lived with Disability),16,Philippines,3,Both,11,30-34 years,493,Ischemic heart disease,86,Ambient particulate matter pollution,3,Rate,2023,5.380687118543992,8.6532817618385,3.0767450277380886
1,All Population,3,YLDs (Years Lived with Disability),16,Philippines,3,Both,12,35-39 years,493,Ischemic heart disease,86,Ambient particulate matter pollution,1,Number,2023,617.7418892053413,1007.166543630357,332.8457887628485
1,All Population,3,YLDs (Years Lived with Disability),16,Philippines,3,Both,12,35-39 years,493,Ischemic heart disease,86,Ambient particulate matter pollution,2,Percent,2023,0.14860357186407555,0.1950091079359068,0.10086559391370525
1,All Population,3,YLDs (Years Lived with Disability),16,Philippines,3,Both,12,35-39 years,493,Ischemic heart disease,86,Ambient particulate matter pollution,3,Rate,2023,7.963482214122466,12.983663560807129,4.2908074799140365
1,All Population,3,YLDs (Years Lived with Disability),16,Philippines,3,Both,13,40-44 years,493,Ischemic heart disease,86,Ambient particulate matter pollution,1,Number,2023,811.2150766344771,1304.830821065559,444.6113785521067
1,All Population,3,YLDs (Years Lived with Disability),16,Philippines,3,Both,13,40-44 years,493,Ischemic heart disease,86,Ambient particulate matter pollution,2,Percent,2023,0.14927387392383423,0.19508852371024896,0.10136725742933571
1,All Population,3,YLDs (Years Lived with Disability),16,Philippines,3,Both,13,40-44 years,493,Ischemic heart disease,86,Ambient particulate matter pollution,3,Rate,2023,11.478183809531476,18.462536552782588,6.290971745745497
1,All Population,3,YLDs (Years Lived with Disability),16,Philippines,3,Both,14,45-49 years,493,Ischemic heart disease,86,Ambient particulate matter pollution,1,Number,2023,992.3783489563326,1536.3387780413932,586.1694569331178
1,All Population,3,YLDs (Years Lived with Disability),16,Philippines,3,Both,14,45-49 years,493,Ischemic heart disease,86,Ambient particulate matter pollution,2,Percent,2023,0.1476174068284154,0.1939642710224123,0.09983181999295315
1,All Population,3,YLDs (Years Lived with Disability),16,Philippines,3,Both,14,45-49 years,493,Ischemic heart disease,86,Ambient particulate matter pollution,3,Rate,2023,16.507663326121925,25.55614330909678,9.750603746327217
1,All Population,3,YLDs (Years Lived with Disability),16,Philippines,3,Both,15,50-54 years,493,Ischemic heart disease,86,Ambient particulate matter pollution,1,Number,2023,1229.778153148383,1896.2548531739822,696.2887711344746
1,All Population,3,YLDs (Years Lived with Disability),16,Philippines,3,Both,15,50-54 years,493,Ischemic heart disease,86,Ambient particulate matter pollution,2,Percent,2023,0.1471988849842416,0.19349465244315867,0.09994411512092771
1,All Population,3,YLDs (Years Lived with Disability),16,Philippines,3,Both,15,50-54 years,493,Ischemic heart disease,86,Ambient particulate matter pollution,3,Rate,2023,23.128349983066816,35.66272972813583,13.095053239358165
1,All Population,3,YLDs (Years Lived with Disability),16,Philippines,3,Both,16,55-59 years,493,Ischemic heart disease,86,Ambient particulate matter pollution,1,Number,2023,1373.8611349379507,2068.1662903036377,760.7879793005925
1,All Population,3,YLDs (Years Lived with Disability),16,Philippines,3,Both,16,55-59 years,493,Ischemic heart disease,86,Ambient particulate matter pollution,2,Percent,2023,0.14596566657448032,0.19261309137449972,0.09879633463808996
1,All Population,3,YLDs (Years Lived with Disability),16,Philippines,3,Both,16,55-59 years,493,Ischemic heart disease,86,Ambient particulate matter pollution,3,Rate,2023,30.945443458961496,46.58427360143055,17.136318073927722
1,All Population,3,YLDs (Years Lived with Disability),16,Philippines,3,Both,17,60-64 years,493,Ischemic heart disease,86,Ambient particulate matter pollution,1,Number,2023,1506.250918200206,2363.2966382341447,797.33961323287
1,All Population,3,YLDs (Years Lived with Disability),16,Philippines,3,Both,17,60-64 years,493,Ischemic heart disease,86,Ambient particulate matter pollution,2,Percent,2023,0.14496842332839147,0.19124732176569842,0.09814251764101246
1,All Population,3,YLDs (Years Lived with Disability),16,Philippines,3,Both,17,60-64 years,493,Ischemic heart disease,86,Ambient particulate matter pollution,3,Rate,2023,40.671733160940214,63.81365089241409,21.52973558137553
1,All Population,3,YLDs (Years Lived with Disability),16,Philippines,3,Both,18,65-69 years,493,Ischemic heart disease,86,Ambient particulate matter pollution,1,Number,2023,1434.3541645507346,2176.986695045985,806.6614206163887
1,All Population,3,YLDs (Years Lived with Disability),16,Philippines,3,Both,18,65-69 years,493,Ischemic heart disease,86,Ambient particulate matter pollution,2,Percent,2023,0.14247737239979255,0.18865145780635834,0.09650368650199878
1,All Population,3,YLDs (Years Lived with Disability),16,Philippines,3,Both,18,65-69 years,493,Ischemic heart disease,86,Ambient particulate matter pollution,3,Rate,2023,51.91375432891083,78.79194361967305,29.195594680485314
1,All Population,3,YLDs (Years Lived with Disability),16,Philippines,3,Both,19,70-74 years,493,Ischemic heart disease,86,Ambient particulate matter pollution,1,Number,2023,1142.5119753619326,1824.154461487511,636.4605283523656
1,All Population,3,YLDs (Years Lived with Disability),16,Philippines,3,Both,19,70-74 years,493,Ischemic heart disease,86,Ambient particulate matter pollution,2,Percent,2023,0.1405681364387926,0.18681745652461845,0.09519390552357718
1,All Population,3,YLDs (Years Lived with Disability),16,Philippines,3,Both,19,70-74 years,493,Ischemic heart disease,86,Ambient particulate matter pollution,3,Rate,2023,62.5049932009802,99.79655764806752,34.81973218246093
1,All Population,3,YLDs (Years Lived with Disability),16,Philippines,3,Both,20,75-79 years,493,Ischemic heart disease,86,Ambient particulate matter pollution,1,Number,2023,739.1896769668501,1183.4505446082583,422.2032528249736
1,All Population,3,YLDs (Years Lived with Disability),16,Philippines,3,Both,20,75-79 years,493,Ischemic heart disease,86,Ambient particulate matter pollution,2,Percent,2023,0.1376314746644577,0.1827991835650215,0.0928736338241451
1,All Population,3,YLDs (Years Lived with Disability),16,Philippines,3,Both,20,75-79 years,493,Ischemic heart disease,86,Ambient particulate matter pollution,3,Rate,2023,69.86523297155584,111.85498199683133,39.90495205642368
1,All Population,3,YLDs (Years Lived with Disability),16,Philippines,3,Both,21,80+ years,493,Ischemic heart disease,86,Ambient particulate matter pollution,1,Number,2023,745.1809086175236,1209.9624993767852,409.61723618273095
1,All Population,3,YLDs (Years Lived with Disability),16,Philippines,3,Both,21,80+ years,493,Ischemic heart disease,86,Ambient particulate matter pollution,2,Percent,2023,0.1300621874647537,0.17358785835577453,0.08745054172496008
1,All Population,3,YLDs (Years Lived with Disability),16,Philippines,3,Both,21,80+ years,493,Ischemic heart disease,86,Ambient particulate matter pollution,3,Rate,2023,75.53639618480291,122.64968904160405,41.521474152934516
1,All Population,3,YLDs (Years Lived with Disability),16,Philippines,3,Both,22,All ages,493,Ischemic heart disease,86,Ambient particulate matter pollution,1,Number,2023,11406.492427231877,16878.57136114531,6853.545021418062
1,All Population,3,YLDs (Years Lived with Disability),16,Philippines,3,Both,22,All ages,493,Ischemic heart disease,86,Ambient particulate matter pollution,2,Percent,2023,0.14062042247393483,0.18556150922130818,0.09580326109227454
1,All Population,3,YLDs (Years Lived with Disability),16,Philippines,3,Both,22,All ages,493,Ischemic heart disease,86,Ambient particulate matter pollution,3,Rate,2023,9.961003565256814,14.73963276418105,5.985028862160101
1,All Population,3,YLDs (Years Lived with Disability),16,Philippines,3,Both,24,15-49 years,493,Ischemic heart disease,86,Ambient particulate matter pollution,1,Number,2023,3235.365495448296,5032.859925601551,1873.8031475518994
1,All Population,3,YLDs (Years Lived with Disability),16,Philippines,3,Both,24,15-49 years,493,Ischemic heart disease,86,Ambient particulate matter pollution,2,Percent,2023,0.1366865819300417,0.17790680412264967,0.0947134835827459
1,All Population,3,YLDs (Years Lived with Disability),16,Philippines,3,Both,24,15-49 years,493,Ischemic heart disease,86,Ambient particulate matter pollution,3,Rate,2023,5.27980088051065,8.213136445963094,3.0578639483751195
1,All Population,3,YLDs (Years Lived with Disability),16,Philippines,3,Both,25,50-69 years,493,Ischemic heart disease,86,Ambient particulate matter pollution,1,Number,2023,5544.244370837276,8294.016579709441,3096.524555397833
1,All Population,3,YLDs (Years Lived with Disability),16,Philippines,3,Both,25,50-69 years,493,Ischemic heart disease,86,Ambient particulate matter pollution,2,Percent,2023,0.14505330419047935,0.19156918042231993,0.09829646760182922
1,All Population,3,YLDs (Years Lived with Disability),16,Philippines,3,Both,25,50-69 years,493,Ischemic heart disease,86,Ambient particulate matter pollution,3,Rate,2023,34.17478285746204,51.12440878664863,19.087011180486464
1,All Population,3,YLDs (Years Lived with Disability),16,Philippines,3,Both,26,70+ years,493,Ischemic heart disease,86,Ambient particulate matter pollution,1,Number,2023,2626.8825609463065,4133.58658961236,1505.4604510147788
1,All Population,3,YLDs (Years Lived with Disability),16,Philippines,3,Both,26,70+ years,493,Ischemic heart disease,86,Ambient particulate matter pollution,2,Percent,2023,0.13661023172365183,0.18122745477294736,0.09205006776534197
1,All Population,3,YLDs (Years Lived with Disability),16,Philippines,3,Both,26,70+ years,493,Ischemic heart disease,86,Ambient particulate matter pollution,3,Rate,2023,67.83578222531108,106.74442926043764,38.87653328021943
1,All Population,3,YLDs (Years Lived with Disability),16,Philippines,3,Both,27,Age-standardized,493,Ischemic heart disease,86,Ambient particulate matter pollution,2,Percent,2023,0.14020191440219018,0.18566369319310638,0.09530149960217354
1,All Population,3,YLDs (Years Lived with Disability),16,Philippines,3,Both,27,Age-standardized,493,Ischemic heart disease,86,Ambient particulate matter pollution,3,Rate,2023,12.407205600521916,18.008870107161247,7.446186961979648
1,All Population,3,YLDs (Years Lived with Disability),16,Philippines,3,Both,30,80-84 years,493,Ischemic heart disease,86,Ambient particulate matter pollution,1,Number,2023,436.3274806880857,688.2497524155435,246.8848523802136
1,All Population,3,YLDs (Years Lived with Disability),16,Philippines,3,Both,30,80-84 years,493,Ischemic heart disease,86,Ambient particulate matter pollution,2,Percent,2023,0.1309264472943888,0.1746091994087837,0.08789529551098535
1,All Population,3,YLDs (Years Lived with Disability),16,Philippines,3,Both,30,80-84 years,493,Ischemic heart disease,86,Ambient particulate matter pollution,3,Rate,2023,73.39339908015877,115.76852474704505,41.5277957487629
1,All Population,3,YLDs (Years Lived with Disability),16,Philippines,3,Both,31,85-89 years,493,Ischemic heart disease,86,Ambient particulate matter pollution,1,Number,2023,221.2280707034859,373.6549136152965,119.17348441187175
1,All Population,3,YLDs (Years Lived with Disability),16,Philippines,3,Both,31,85-89 years,493,Ischemic heart disease,86,Ambient particulate matter pollution,2,Percent,2023,0.13034157876359728,0.17406469651504694,0.087660759890472
1,All Population,3,YLDs (Years Lived with Disability),16,Philippines,3,Both,31,85-89 years,493,Ischemic heart disease,86,Ambient particulate matter pollution,3,Rate,2023,78.62036593766032,132.79004761657757,42.35205290510082
1,All Population,3,YLDs (Years Lived with Disability),16,Philippines,3,Both,32,90-94 years,493,Ischemic heart disease,86,Ambient particulate matter pollution,1,Number,2023,74.20365307816112,128.4982500143303,38.37589193858689
1,All Population,3,YLDs (Years Lived with Disability),16,Philippines,3,Both,32,90-94 years,493,Ischemic heart disease,86,Ambient particulate matter pollution,2,Percent,2023,0.12623421811631072,0.16988033053876947,0.08455863131670488
1,All Population,3,YLDs (Years Lived with Disability),16,Philippines,3,Both,32,90-94 years,493,Ischemic heart disease,86,Ambient particulate matter pollution,3,Rate,2023,79.5070310202837,137.68209415754976,41.118639099592656
1,All Population,3,YLDs (Years Lived with Disability),16,Philippines,3,Both,37,20+ years,493,Ischemic heart disease,86,Ambient particulate matter pollution,1,Number,2023,11406.492427231877,16878.57136114531,6853.545021418062
1,All Population,3,YLDs (Years Lived with Disability),16,Philippines,3,Both,37,20+ years,493,Ischemic heart disease,86,Ambient particulate matter pollution,2,Percent,2023,0.14151653306276588,0.18686296192184818,0.09625267726996044
1,All Population,3,YLDs (Years Lived with Disability),16,Philippines,3,Both,37,20+ years,493,Ischemic heart disease,86,Ambient particulate matter pollution,3,Rate,2023,16.230611214486505,24.01698255325959,9.752097359749975
1,All Population,3,YLDs (Years Lived with Disability),16,Philippines,3,Both,41,50-74 years,493,Ischemic heart disease,86,Ambient particulate matter pollution,1,Number,2023,6686.756346199209,9955.077847720697,3774.161572782401
1,All Population,3,YLDs (Years Lived with Disability),16,Philippines,3,Both,41,50-74 years,493,Ischemic heart disease,86,Ambient particulate matter pollution,2,Percent,2023,0.144267896864904,0.19077915322072336,0.09781543039779576
1,All Population,3,YLDs (Years Lived with Disability),16,Philippines,3,Both,41,50-74 years,493,Ischemic heart disease,86,Ambient particulate matter pollution,3,Rate,2023,37.04353317996217,55.149498122622575,20.90823595320186
1,All Population,3,YLDs (Years Lived with Disability),16,Philippines,3,Both,157,25+ years,493,Ischemic heart disease,86,Ambient particulate matter pollution,1,Number,2023,11406.492427231877,16878.57136114531,6853.545021418062
1,All Population,3,YLDs (Years Lived with Disability),16,Philippines,3,Both,157,25+ years,493,Ischemic heart disease,86,Ambient particulate matter pollution,2,Percent,2023,0.1438405082243034,0.1902923545534143,0.09755114946642876
1,All Population,3,YLDs (Years Lived with Disability),16,Philippines,3,Both,157,25+ years,493,Ischemic heart disease,86,Ambient particulate matter pollution,3,Rate,2023,19.097653893742773,28.25944225469647,11.474748403089018
1,All Population,3,YLDs (Years Lived with Disability),16,Philippines,3,Both,160,85+ years,493,Ischemic heart disease,86,Ambient particulate matter pollution,1,Number,2023,308.85342792943794,521.2102267152083,165.07198203665084
1,All Population,3,YLDs (Years Lived with Disability),16,Philippines,3,Both,160,85+ years,493,Ischemic heart disease,86,Ambient particulate matter pollution,2,Percent,2023,0.12885515564267427,0.17246973444170619,0.08660472635180552
1,All Population,3,YLDs (Years Lived with Disability),16,Philippines,3,Both,160,85+ years,493,Ischemic heart disease,86,Ambient particulate matter pollution,3,Rate,2023,78.78633840838737,132.95706503629424,42.10870225942283
1,All Population,3,YLDs (Years Lived with Disability),16,Philippines,3,Both,169,10-54 years,493,Ischemic heart disease,86,Ambient particulate matter pollution,1,Number,2023,4465.143648596679,6894.849716685552,2686.978303245568
1,All Population,3,YLDs (Years Lived with Disability),16,Philippines,3,Both,169,10-54 years,493,Ischemic heart disease,86,Ambient particulate matter pollution,2,Percent,2023,0.1394354556263443,0.18200324791029476,0.09598628678262094
1,All Population,3,YLDs (Years Lived with Disability),16,Philippines,3,Both,169,10-54 years,493,Ischemic heart disease,86,Ambient particulate matter pollution,3,Rate,2023,5.691394593392593,8.788364605499659,3.424896261167606
1,All Population,3,YLDs (Years Lived with Disability),16,Philippines,3,Both,197,15-39 years,493,Ischemic heart disease,86,Ambient particulate matter pollution,1,Number,2023,1431.7720698574844,2320.170955368659,789.8420555591098
1,All Population,3,YLDs (Years Lived with Disability),16,Philippines,3,Both,197,15-39 years,493,Ischemic heart disease,86,Ambient particulate matter pollution,2,Percent,2023,0.12436734483622194,0.1616112490363409,0.08860078310487536
1,All Population,3,YLDs (Years Lived with Disability),16,Philippines,3,Both,197,15-39 years,493,Ischemic heart disease,86,Ambient particulate matter pollution,3,Rate,2023,2.970537008128634,4.813722681986529,1.6387071001100544
1,All Population,3,YLDs (Years Lived with Disability),16,Philippines,3,Both,228,55+ years,493,Ischemic heart disease,86,Ambient particulate matter pollution,1,Number,2023,6941.348778635197,10362.493604526459,4001.192485965286
1,All Population,3,YLDs (Years Lived with Disability),16,Philippines,3,Both,228,55+ years,493,Ischemic heart disease,86,Ambient particulate matter pollution,2,Percent,2023,0.14136972563692057,0.18746283755917934,0.09566776792678405
1,All Population,3,YLDs (Years Lived with Disability),16,Philippines,3,Both,228,55+ years,493,Ischemic heart disease,86,Ambient particulate matter pollution,3,Rate,2023,46.96946657960795,70.11905215558195,27.074547431843108
1,All Population,3,YLDs (Years Lived with Disability),16,Philippines,3,Both,231,60+ years,493,Ischemic heart disease,86,Ambient particulate matter pollution,1,Number,2023,5567.48764369725,8497.116456372174,3144.682073578889
1,All Population,3,YLDs (Years Lived with Disability),16,Philippines,3,Both,231,60+ years,493,Ischemic heart disease,86,Ambient particulate matter pollution,2,Percent,2023,0.14028192439437165,0.1861256876325695,0.09487999599847954
1,All Population,3,YLDs (Years Lived with Disability),16,Philippines,3,Both,231,60+ years,493,Ischemic heart disease,86,Ambient particulate matter pollution,3,Rate,2023,53.850400114664126,82.18664329045083,30.416302420956637
1,All Population,3,YLDs (Years Lived with Disability),16,Philippines,3,Both,232,65-74 years,493,Ischemic heart disease,86,Ambient particulate matter pollution,1,Number,2023,2576.8661399126686,4043.5090534198703,1427.6752488590669
1,All Population,3,YLDs (Years Lived with Disability),16,Philippines,3,Both,232,65-74 years,493,Ischemic heart disease,86,Ambient particulate matter pollution,2,Percent,2023,0.14162748400892514,0.18784683903801022,0.09595434645027921
1,All Population,3,YLDs (Years Lived with Disability),16,Philippines,3,Both,232,65-74 years,493,Ischemic heart disease,86,Ambient particulate matter pollution,3,Rate,2023,56.130735750766306,88.07796985179603,31.09841869175777
1,All Population,3,YLDs (Years Lived with Disability),16,Philippines,3,Both,234,75+ years,493,Ischemic heart disease,86,Ambient particulate matter pollution,1,Number,2023,1484.3705855843737,2365.1383352043904,852.3573965781268
1,All Population,3,YLDs (Years Lived with Disability),16,Philippines,3,Both,234,75+ years,493,Ischemic heart disease,86,Ambient particulate matter pollution,2,Percent,2023,0.13372411618177826,0.17750234768447648,0.0898659219540665
1,All Population,3,YLDs (Years Lived with Disability),16,Philippines,3,Both,234,75+ years,493,Ischemic heart disease,86,Ambient particulate matter pollution,3,Rate,2023,72.60164654265668,115.68063871960652,41.68942111583412
1,All Population,3,YLDs (Years Lived with Disability),16,Philippines,3,Both,235,95+ years,493,Ischemic heart disease,86,Ambient particulate matter pollution,1,Number,2023,13.42170414779092,21.91988207932112,6.827374106039432
1,All Population,3,YLDs (Years Lived with Disability),16,Philippines,3,Both,235,95+ years,493,Ischemic heart disease,86,Ambient particulate matter pollution,2,Percent,2023,0.12021385303719732,0.16470607742940746,0.08062345946470835
1,All Population,3,YLDs (Years Lived with Disability),16,Philippines,3,Both,235,95+ years,493,Ischemic heart disease,86,Ambient particulate matter pollution,3,Rate,2023,77.59769563996996,126.72998296830649,39.47252093079832
1,All Population,3,YLDs (Years Lived with Disability),16,Philippines,3,Both,243,75-84 years,493,Ischemic heart disease,86,Ambient particulate matter pollution,1,Number,2023,1175.5171576549365,1900.7756625705347,673.1143054904388
1,All Population,3,YLDs (Years Lived with Disability),16,Philippines,3,Both,243,75-84 years,493,Ischemic heart disease,86,Ambient particulate matter pollution,2,Percent,2023,0.13506755341093182,0.17922538396387705,0.09088767144096135
1,All Population,3,YLDs (Years Lived with Disability),16,Philippines,3,Both,243,75-84 years,493,Ischemic heart disease,86,Ambient particulate matter pollution,3,Rate,2023,71.13450863207017,115.02234731008731,40.73241727053962
1,All Population,3,YLDs (Years Lived with Disability),16,Philippines,3,Both,284,20-54 years,493,Ischemic heart disease,86,Ambient particulate matter pollution,1,Number,2023,4465.143648596679,6894.849716685552,2686.978303245568
1,All Population,3,YLDs (Years Lived with Disability),16,Philippines,3,Both,284,20-54 years,493,Ischemic heart disease,86,Ambient particulate matter pollution,2,Percent,2023,0.1417198471768638,0.18549021868801635,0.09705082362118432
1,All Population,3,YLDs (Years Lived with Disability),16,Philippines,3,Both,284,20-54 years,493,Ischemic heart disease,86,Ambient particulate matter pollution,3,Rate,2023,8.045416390810056,12.4233263895615,4.841470058746494
1,All Population,3,YLDs (Years Lived with Disability),16,Philippines,3,Both,420,<70 years,493,Ischemic heart disease,86,Ambient particulate matter pollution,1,Number,2023,8779.609866285566,13420.10450072173,5179.144171408743
1,All Population,3,YLDs (Years Lived with Disability),16,Philippines,3,Both,420,<70 years,493,Ischemic heart disease,86,Ambient particulate matter pollution,2,Percent,2023,0.1418705041789565,0.18632017472896134,0.09682638910377597
1,All Population,3,YLDs (Years Lived with Disability),16,Philippines,3,Both,420,<70 years,493,Ischemic heart disease,86,Ambient particulate matter pollution,3,Rate,2023,7.9353616700865235,12.129625858721393,4.681117130212151
1,All Population,3,YLDs (Years Lived with Disability),16,Philippines,3,Both,10,25-29 years,976,Diabetes mellitus type 2,86,Ambient particulate matter pollution,1,Number,2023,1371.9373291839959,2215.3109367637066,705.6120949267354
1,All Population,3,YLDs (Years Lived with Disability),16,Philippines,3,Both,10,25-29 years,976,Diabetes mellitus type 2,86,Ambient particulate matter pollution,2,Percent,2023,0.09107455455067084,0.1413875630075343,0.050909469354378914
1,All Population,3,YLDs (Years Lived with Disability),16,Philippines,3,Both,10,25-29 years,976,Diabetes mellitus type 2,86,Ambient particulate matter pollution,3,Rate,2023,13.973356409055265,22.563224002869752,7.186749044007588
1,All Population,3,YLDs (Years Lived with Disability),16,Philippines,3,Both,11,30-34 years,976,Diabetes mellitus type 2,86,Ambient particulate matter pollution,1,Number,2023,2053.5009299028184,3378.863458399456,1074.3303460674415
1,All Population,3,YLDs (Years Lived with Disability),16,Philippines,3,Both,11,30-34 years,976,Diabetes mellitus type 2,86,Ambient particulate matter pollution,2,Percent,2023,0.09294781204912049,0.1442559390077252,0.05202995172824971
1,All Population,3,YLDs (Years Lived with Disability),16,Philippines,3,Both,11,30-34 years,976,Diabetes mellitus type 2,86,Ambient particulate matter pollution,3,Rate,2023,22.87493041789953,37.638778428081196,11.96748029390649
1,All Population,3,YLDs (Years Lived with Disability),16,Philippines,3,Both,12,35-39 years,976,Diabetes mellitus type 2,86,Ambient particulate matter pollution,1,Number,2023,2781.7764502862656,4549.8547167872,1508.3711671053984
1,All Population,3,YLDs (Years Lived with Disability),16,Philippines,3,Both,12,35-39 years,976,Diabetes mellitus type 2,86,Ambient particulate matter pollution,2,Percent,2023,0.09358349034895118,0.14557164851467744,0.052420039456058665
1,All Population,3,YLDs (Years Lived with Disability),16,Philippines,3,Both,12,35-39 years,976,Diabetes mellitus type 2,86,Ambient particulate matter pollution,3,Rate,2023,35.860652600419186,58.65344045323774,19.444831525009562
1,All Population,3,YLDs (Years Lived with Disability),16,Philippines,3,Both,13,40-44 years,976,Diabetes mellitus type 2,86,Ambient particulate matter pollution,1,Number,2023,3770.018691195551,6199.599591043136,1983.8980498291821
1,All Population,3,YLDs (Years Lived with Disability),16,Philippines,3,Both,13,40-44 years,976,Diabetes mellitus type 2,86,Ambient particulate matter pollution,2,Percent,2023,0.09399922499117724,0.14579452240814006,0.052721489643564226
1,All Population,3,YLDs (Years Lived with Disability),16,Philippines,3,Both,13,40-44 years,976,Diabetes mellitus type 2,86,Ambient particulate matter pollution,3,Rate,2023,53.343396528625014,87.72044023973821,28.070911317111715
1,All Population,3,YLDs (Years Lived with Disability),16,Philippines,3,Both,14,45-49 years,976,Diabetes mellitus type 2,86,Ambient particulate matter pollution,1,Number,2023,4472.523558418482,7379.172883597742,2301.4311348855335
1,All Population,3,YLDs (Years Lived with Disability),16,Philippines,3,Both,14,45-49 years,976,Diabetes mellitus type 2,86,Ambient particulate matter pollution,2,Percent,2023,0.09271192514352564,0.1440487695349434,0.05203771518230244
1,All Population,3,YLDs (Years Lived with Disability),16,Philippines,3,Both,14,45-49 years,976,Diabetes mellitus type 2,86,Ambient particulate matter pollution,3,Rate,2023,74.39794832098849,122.74844742006754,38.28303024033106
1,All Population,3,YLDs (Years Lived with Disability),16,Philippines,3,Both,15,50-54 years,976,Diabetes mellitus type 2,86,Ambient particulate matter pollution,1,Number,2023,5303.028019878156,8861.332930992225,2841.8590786211576
1,All Population,3,YLDs (Years Lived with Disability),16,Philippines,3,Both,15,50-54 years,976,Diabetes mellitus type 2,86,Ambient particulate matter pollution,2,Percent,2023,0.09252881603839093,0.1440629216156789,0.05180305843832364
1,All Population,3,YLDs (Years Lived with Disability),16,Philippines,3,Both,15,50-54 years,976,Diabetes mellitus type 2,86,Ambient particulate matter pollution,3,Rate,2023,99.73366960516566,166.65445618770448,53.446640928394594
1,All Population,3,YLDs (Years Lived with Disability),16,Philippines,3,Both,16,55-59 years,976,Diabetes mellitus type 2,86,Ambient particulate matter pollution,1,Number,2023,5585.564344216424,9204.180359407346,3033.905437529214
1,All Population,3,YLDs (Years Lived with Disability),16,Philippines,3,Both,16,55-59 years,976,Diabetes mellitus type 2,86,Ambient particulate matter pollution,2,Percent,2023,0.09195465055397171,0.14326005533677486,0.05159077297388007
1,All Population,3,YLDs (Years Lived with Disability),16,Philippines,3,Both,16,55-59 years,976,Diabetes mellitus type 2,86,Ambient particulate matter pollution,3,Rate,2023,125.8116713579989,207.31894632930866,68.33700058131161
1,All Population,3,YLDs (Years Lived with Disability),16,Philippines,3,Both,17,60-64 years,976,Diabetes mellitus type 2,86,Ambient particulate matter pollution,1,Number,2023,5603.923692266588,9070.9759087315,2940.7354134931074
1,All Population,3,YLDs (Years Lived with Disability),16,Philippines,3,Both,17,60-64 years,976,Diabetes mellitus type 2,86,Ambient particulate matter pollution,2,Percent,2023,0.09155489966966401,0.14261584195247123,0.051352261003838856
1,All Population,3,YLDs (Years Lived with Disability),16,Philippines,3,Both,17,60-64 years,976,Diabetes mellitus type 2,86,Ambient particulate matter pollution,3,Rate,2023,151.316946142331,244.9341654908835,79.40563194971031
1,All Population,3,YLDs (Years Lived with Disability),16,Philippines,3,Both,18,65-69 years,976,Diabetes mellitus type 2,86,Ambient particulate matter pollution,1,Number,2023,4604.85684417178,7481.950114031062,2332.460273909135
1,All Population,3,YLDs (Years Lived with Disability),16,Philippines,3,Both,18,65-69 years,976,Diabetes mellitus type 2,86,Ambient particulate matter pollution,2,Percent,2023,0.0898399546802377,0.14048664331046568,0.050423480770844964
1,All Population,3,YLDs (Years Lived with Disability),16,Philippines,3,Both,18,65-69 years,976,Diabetes mellitus type 2,86,Ambient particulate matter pollution,3,Rate,2023,166.66414253624305,270.7951283723805,84.41901772536727
1,All Population,3,YLDs (Years Lived with Disability),16,Philippines,3,Both,19,70-74 years,976,Diabetes mellitus type 2,86,Ambient particulate matter pollution,1,Number,2023,3070.812868760039,4902.3974911331825,1554.4039827373135
1,All Population,3,YLDs (Years Lived with Disability),16,Philippines,3,Both,19,70-74 years,976,Diabetes mellitus type 2,86,Ambient particulate matter pollution,2,Percent,2023,0.08852203691318764,0.1386600523274779,0.049609885726779636
1,All Population,3,YLDs (Years Lived with Disability),16,Philippines,3,Both,19,70-74 years,976,Diabetes mellitus type 2,86,Ambient particulate matter pollution,3,Rate,2023,167.99923468856818,268.20228449221366,85.03894266998296
1,All Population,3,YLDs (Years Lived with Disability),16,Philippines,3,Both,20,75-79 years,976,Diabetes mellitus type 2,86,Ambient particulate matter pollution,1,Number,2023,1624.3734721345945,2589.3326323660303,840.1507838120256
1,All Population,3,YLDs (Years Lived with Disability),16,Philippines,3,Both,20,75-79 years,976,Diabetes mellitus type 2,86,Ambient particulate matter pollution,2,Percent,2023,0.08674671953666596,0.13672771644672488,0.04866918834318819
1,All Population,3,YLDs (Years Lived with Disability),16,Philippines,3,Both,20,75-79 years,976,Diabetes mellitus type 2,86,Ambient particulate matter pollution,3,Rate,2023,153.52924235789598,244.73329814807119,79.407670414335
1,All Population,3,YLDs (Years Lived with Disability),16,Philippines,3,Both,21,80+ years,976,Diabetes mellitus type 2,86,Ambient particulate matter pollution,1,Number,2023,1131.490739689757,1864.9697479430529,593.7710159111009
1,All Population,3,YLDs (Years Lived with Disability),16,Philippines,3,Both,21,80+ years,976,Diabetes mellitus type 2,86,Ambient particulate matter pollution,2,Percent,2023,0.08184874271112191,0.12982522031807905,0.04589705048285728
1,All Population,3,YLDs (Years Lived with Disability),16,Philippines,3,Both,21,80+ years,976,Diabetes mellitus type 2,86,Ambient particulate matter pollution,3,Rate,2023,114.6952797693176,189.04549502569714,60.18850212376353
1,All Population,3,YLDs (Years Lived with Disability),16,Philippines,3,Both,22,All ages,976,Diabetes mellitus type 2,86,Ambient particulate matter pollution,1,Number,2023,41373.80694010443,66243.8757504105,22555.801866426827
1,All Population,3,YLDs (Years Lived with Disability),16,Philippines,3,Both,22,All ages,976,Diabetes mellitus type 2,86,Ambient particulate matter pollution,2,Percent,2023,0.08888282065207428,0.13835131638486553,0.049635574464436
1,All Population,3,YLDs (Years Lived with Disability),16,Philippines,3,Both,22,All ages,976,Diabetes mellitus type 2,86,Ambient particulate matter pollution,3,Rate,2023,36.130707232551266,57.84911415457818,19.697415681643406
1,All Population,3,YLDs (Years Lived with Disability),16,Philippines,3,Both,24,15-49 years,976,Diabetes mellitus type 2,86,Ambient particulate matter pollution,1,Number,2023,14449.756958987111,23790.738216464495,7663.289348516308
1,All Population,3,YLDs (Years Lived with Disability),16,Philippines,3,Both,24,15-49 years,976,Diabetes mellitus type 2,86,Ambient particulate matter pollution,2,Percent,2023,0.0861490698571566,0.13353629504585857,0.048074920804918694
1,All Population,3,YLDs (Years Lived with Disability),16,Philippines,3,Both,24,15-49 years,976,Diabetes mellitus type 2,86,Ambient particulate matter pollution,3,Rate,2023,23.580593791507308,38.824163996310084,12.50574066726827
1,All Population,3,YLDs (Years Lived with Disability),16,Philippines,3,Both,25,50-69 years,976,Diabetes mellitus type 2,86,Ambient particulate matter pollution,1,Number,2023,21097.37290053293,34600.61930509459,11375.264214394754
1,All Population,3,YLDs (Years Lived with Disability),16,Philippines,3,Both,25,50-69 years,976,Diabetes mellitus type 2,86,Ambient particulate matter pollution,2,Percent,2023,0.09152198838636107,0.14265320614103433,0.05132088445254869
1,All Population,3,YLDs (Years Lived with Disability),16,Philippines,3,Both,25,50-69 years,976,Diabetes mellitus type 2,86,Ambient particulate matter pollution,3,Rate,2023,130.04443698965872,213.27859531320487,70.11725286100477
1,All Population,3,YLDs (Years Lived with Disability),16,Philippines,3,Both,26,70+ years,976,Diabetes mellitus type 2,86,Ambient particulate matter pollution,1,Number,2023,5826.677080584393,9314.848303760651,2988.8839846295755
1,All Population,3,YLDs (Years Lived with Disability),16,Philippines,3,Both,26,70+ years,976,Diabetes mellitus type 2,86,Ambient particulate matter pollution,2,Percent,2023,0.08665435992917085,0.1362587164232202,0.04857607958366007
1,All Population,3,YLDs (Years Lived with Disability),16,Philippines,3,Both,26,70+ years,976,Diabetes mellitus type 2,86,Ambient particulate matter pollution,3,Rate,2023,150.46626119187698,240.5436887015184,77.18399219377822
1,All Population,3,YLDs (Years Lived with Disability),16,Philippines,3,Both,27,Age-standardized,976,Diabetes mellitus type 2,86,Ambient particulate matter pollution,2,Percent,2023,0.08901513387877823,0.13872232789752567,0.04976230972918162
1,All Population,3,YLDs (Years Lived with Disability),16,Philippines,3,Both,27,Age-standardized,976,Diabetes mellitus type 2,86,Ambient particulate matter pollution,3,Rate,2023,41.995839416014555,67.15214600752267,23.03126262487337
1,All Population,3,YLDs (Years Lived with Disability),16,Philippines,3,Both,30,80-84 years,976,Diabetes mellitus type 2,86,Ambient particulate matter pollution,1,Number,2023,753.4653139332227,1225.4172869106517,392.02913665268403
1,All Population,3,YLDs (Years Lived with Disability),16,Philippines,3,Both,30,80-84 years,976,Diabetes mellitus type 2,86,Ambient particulate matter pollution,2,Percent,2023,0.08216250728021675,0.13024514587647282,0.046016911143970385
1,All Population,3,YLDs (Years Lived with Disability),16,Philippines,3,Both,30,80-84 years,976,Diabetes mellitus type 2,86,Ambient particulate matter pollution,3,Rate,2023,126.7382480501833,206.12394121068874,65.94210117599454
1,All Population,3,YLDs (Years Lived with Disability),16,Philippines,3,Both,31,85-89 years,976,Diabetes mellitus type 2,86,Ambient particulate matter pollution,1,Number,2023,296.49687155328587,497.87120417118024,157.01461067750964
1,All Population,3,YLDs (Years Lived with Disability),16,Philippines,3,Both,31,85-89 years,976,Diabetes mellitus type 2,86,Ambient particulate matter pollution,2,Percent,2023,0.08197976275027823,0.12989135496320606,0.04604379716137348
1,All Population,3,YLDs (Years Lived with Disability),16,Philippines,3,Both,31,85-89 years,976,Diabetes mellitus type 2,86,Ambient particulate matter pollution,3,Rate,2023,105.36950607924608,176.93422058643404,55.80008951744011
1,All Population,3,YLDs (Years Lived with Disability),16,Philippines,3,Both,32,90-94 years,976,Diabetes mellitus type 2,86,Ambient particulate matter pollution,1,Number,2023,73.0572230576661,124.17293732504562,39.328056009416954
1,All Population,3,YLDs (Years Lived with Disability),16,Philippines,3,Both,32,90-94 years,976,Diabetes mellitus type 2,86,Ambient particulate matter pollution,2,Percent,2023,0.07905558560184284,0.12650717939690362,0.044286012538713435
1,All Population,3,YLDs (Years Lived with Disability),16,Philippines,3,Both,32,90-94 years,976,Diabetes mellitus type 2,86,Ambient particulate matter pollution,3,Rate,2023,78.2786649840986,133.04764887225969,42.13885488649124
1,All Population,3,YLDs (Years Lived with Disability),16,Philippines,3,Both,37,20+ years,976,Diabetes mellitus type 2,86,Ambient particulate matter pollution,1,Number,2023,41373.80694010443,66243.8757504105,22555.801866426827
1,All Population,3,YLDs (Years Lived with Disability),16,Philippines,3,Both,37,20+ years,976,Diabetes mellitus type 2,86,Ambient particulate matter pollution,2,Percent,2023,0.08957769189458992,0.139413203324325,0.05007498882047413
1,All Population,3,YLDs (Years Lived with Disability),16,Philippines,3,Both,37,20+ years,976,Diabetes mellitus type 2,86,Ambient particulate matter pollution,3,Rate,2023,58.87192572055416,94.26022938294156,32.095269694910606
1,All Population,3,YLDs (Years Lived with Disability),16,Philippines,3,Both,41,50-74 years,976,Diabetes mellitus type 2,86,Ambient particulate matter pollution,1,Number,2023,24168.185769292995,39330.88538840199,12923.180519215912
1,All Population,3,YLDs (Years Lived with Disability),16,Philippines,3,Both,41,50-74 years,976,Diabetes mellitus type 2,86,Ambient particulate matter pollution,2,Percent,2023,0.09112940825486365,0.14211996404911606,0.05109970369493425
1,All Population,3,YLDs (Years Lived with Disability),16,Philippines,3,Both,41,50-74 years,976,Diabetes mellitus type 2,86,Ambient particulate matter pollution,3,Rate,2023,133.88778431461364,217.88665272822442,71.59229999853703
1,All Population,3,YLDs (Years Lived with Disability),16,Philippines,3,Both,157,25+ years,976,Diabetes mellitus type 2,86,Ambient particulate matter pollution,1,Number,2023,41373.80694010443,66243.8757504105,22555.801866426827
1,All Population,3,YLDs (Years Lived with Disability),16,Philippines,3,Both,157,25+ years,976,Diabetes mellitus type 2,86,Ambient particulate matter pollution,2,Percent,2023,0.09133627428783586,0.14230689728977405,0.051194518303277994
1,All Population,3,YLDs (Years Lived with Disability),16,Philippines,3,Both,157,25+ years,976,Diabetes mellitus type 2,86,Ambient particulate matter pollution,3,Rate,2023,69.27130756885963,110.91074839458368,37.764711640228036
1,All Population,3,YLDs (Years Lived with Disability),16,Philippines,3,Both,160,85+ years,976,Diabetes mellitus type 2,86,Ambient particulate matter pollution,1,Number,2023,378.0254257565326,634.4795506376124,201.59533429329264
1,All Population,3,YLDs (Years Lived with Disability),16,Philippines,3,Both,160,85+ years,976,Diabetes mellitus type 2,86,Ambient particulate matter pollution,2,Percent,2023,0.08123044690231301,0.1290146352456624,0.04560025208236351
1,All Population,3,YLDs (Years Lived with Disability),16,Philippines,3,Both,160,85+ years,976,Diabetes mellitus type 2,86,Ambient particulate matter pollution,3,Rate,2023,96.43162881596166,161.85127335273424,51.425552682588396
1,All Population,3,YLDs (Years Lived with Disability),16,Philippines,3,Both,169,10-54 years,976,Diabetes mellitus type 2,86,Ambient particulate matter pollution,1,Number,2023,19752.78497886528,32271.59316722083,10385.494566331921
1,All Population,3,YLDs (Years Lived with Disability),16,Philippines,3,Both,169,10-54 years,976,Diabetes mellitus type 2,86,Ambient particulate matter pollution,2,Percent,2023,0.08777130724011686,0.13611262793619572,0.04898329990030703
1,All Population,3,YLDs (Years Lived with Disability),16,Philippines,3,Both,169,10-54 years,976,Diabetes mellitus type 2,86,Ambient particulate matter pollution,3,Rate,2023,25.177441641433493,41.134258005296374,13.237636294883004
1,All Population,3,YLDs (Years Lived with Disability),16,Philippines,3,Both,197,15-39 years,976,Diabetes mellitus type 2,86,Ambient particulate matter pollution,1,Number,2023,6207.214709373084,10084.553700187402,3318.8143982643414
1,All Population,3,YLDs (Years Lived with Disability),16,Philippines,3,Both,197,15-39 years,976,Diabetes mellitus type 2,86,Ambient particulate matter pollution,2,Percent,2023,0.07821222198474337,0.1217450063051065,0.04359437887828005
1,All Population,3,YLDs (Years Lived with Disability),16,Philippines,3,Both,197,15-39 years,976,Diabetes mellitus type 2,86,Ambient particulate matter pollution,3,Rate,2023,12.87827958079146,20.922701739704316,6.885635780097108
1,All Population,3,YLDs (Years Lived with Disability),16,Philippines,3,Both,228,55+ years,976,Diabetes mellitus type 2,86,Ambient particulate matter pollution,1,Number,2023,21621.021961239196,34641.227868713686,11259.39339338554
1,All Population,3,YLDs (Years Lived with Disability),16,Philippines,3,Both,228,55+ years,976,Diabetes mellitus type 2,86,Ambient particulate matter pollution,2,Percent,2023,0.08991877668201907,0.14051077551536112,0.050445875257758024
1,All Population,3,YLDs (Years Lived with Disability),16,Philippines,3,Both,228,55+ years,976,Diabetes mellitus type 2,86,Ambient particulate matter pollution,3,Rate,2023,146.30123061257055,234.40401088389712,76.18803183107913
1,All Population,3,YLDs (Years Lived with Disability),16,Philippines,3,Both,231,60+ years,976,Diabetes mellitus type 2,86,Ambient particulate matter pollution,1,Number,2023,16035.457617022754,25847.114295492782,8160.498929209098
1,All Population,3,YLDs (Years Lived with Disability),16,Philippines,3,Both,231,60+ years,976,Diabetes mellitus type 2,86,Ambient particulate matter pollution,2,Percent,2023,0.0892305586960078,0.13960092179913322,0.05005455822654103
1,All Population,3,YLDs (Years Lived with Disability),16,Philippines,3,Both,231,60+ years,976,Diabetes mellitus type 2,86,Ambient particulate matter pollution,3,Rate,2023,155.09972611721344,250.00099429002506,78.93077822465919
1,All Population,3,YLDs (Years Lived with Disability),16,Philippines,3,Both,232,65-74 years,976,Diabetes mellitus type 2,86,Ambient particulate matter pollution,1,Number,2023,7675.669712931817,12384.232680041714,3855.8767231078327
1,All Population,3,YLDs (Years Lived with Disability),16,Philippines,3,Both,232,65-74 years,976,Diabetes mellitus type 2,86,Ambient particulate matter pollution,2,Percent,2023,0.08930788546389191,0.13974750405221825,0.05009649756104492
1,All Population,3,YLDs (Years Lived with Disability),16,Philippines,3,Both,232,65-74 years,976,Diabetes mellitus type 2,86,Ambient particulate matter pollution,3,Rate,2023,167.19571951895716,269.76026471556827,83.99085776323312
1,All Population,3,YLDs (Years Lived with Disability),16,Philippines,3,Both,234,75+ years,976,Diabetes mellitus type 2,86,Ambient particulate matter pollution,1,Number,2023,2755.864211824349,4462.684295352571,1433.9217997231265
1,All Population,3,YLDs (Years Lived with Disability),16,Philippines,3,Both,234,75+ years,976,Diabetes mellitus type 2,86,Ambient particulate matter pollution,2,Percent,2023,0.08466625459965525,0.13374984827247616,0.04748370175316574
1,All Population,3,YLDs (Years Lived with Disability),16,Philippines,3,Both,234,75+ years,976,Diabetes mellitus type 2,86,Ambient particulate matter pollution,3,Rate,2023,134.79132594618218,218.2731394634173,70.13415967975683
1,All Population,3,YLDs (Years Lived with Disability),16,Philippines,3,Both,235,95+ years,976,Diabetes mellitus type 2,86,Ambient particulate matter pollution,1,Number,2023,8.471331145580672,15.062656891668523,4.462173211100642
1,All Population,3,YLDs (Years Lived with Disability),16,Philippines,3,Both,235,95+ years,976,Diabetes mellitus type 2,86,Ambient particulate matter pollution,2,Percent,2023,0.07499729487121995,0.12187104862447712,0.041874115777184084
1,All Population,3,YLDs (Years Lived with Disability),16,Philippines,3,Both,235,95+ years,976,Diabetes mellitus type 2,86,Ambient particulate matter pollution,3,Rate,2023,48.9770724091218,87.08487775759588,25.7980920243131
1,All Population,3,YLDs (Years Lived with Disability),16,Philippines,3,Both,243,75-84 years,976,Diabetes mellitus type 2,86,Ambient particulate matter pollution,1,Number,2023,2377.838786067818,3814.8403615403085,1232.1799204647095
1,All Population,3,YLDs (Years Lived with Disability),16,Philippines,3,Both,243,75-84 years,976,Diabetes mellitus type 2,86,Ambient particulate matter pollution,2,Percent,2023,0.08523953701684991,0.13456759083061504,0.04779172729608545
1,All Population,3,YLDs (Years Lived with Disability),16,Philippines,3,Both,243,75-84 years,976,Diabetes mellitus type 2,86,Ambient particulate matter pollution,3,Rate,2023,143.89104621037285,230.84885904116814,74.56336355261402
1,All Population,3,YLDs (Years Lived with Disability),16,Philippines,3,Both,284,20-54 years,976,Diabetes mellitus type 2,86,Ambient particulate matter pollution,1,Number,2023,19752.78497886528,32271.59316722083,10385.494566331921
1,All Population,3,YLDs (Years Lived with Disability),16,Philippines,3,Both,284,20-54 years,976,Diabetes mellitus type 2,86,Ambient particulate matter pollution,2,Percent,2023,0.08920344094757438,0.13822412863086608,0.049763687151124905
1,All Population,3,YLDs (Years Lived with Disability),16,Philippines,3,Both,284,20-54 years,976,Diabetes mellitus type 2,86,Ambient particulate matter pollution,3,Rate,2023,35.591101326170126,58.14782794428406,18.71286453166984
1,All Population,3,YLDs (Years Lived with Disability),16,Philippines,3,Both,420,<70 years,976,Diabetes mellitus type 2,86,Ambient particulate matter pollution,1,Number,2023,35547.12985952007,57247.82063438717,19145.000033476135
1,All Population,3,YLDs (Years Lived with Disability),16,Philippines,3,Both,420,<70 years,976,Diabetes mellitus type 2,86,Ambient particulate matter pollution,2,Percent,2023,0.08925907936420449,0.13871649862282448,0.049814446025969045
1,All Population,3,YLDs (Years Lived with Disability),16,Philippines,3,Both,420,<70 years,976,Diabetes mellitus type 2,86,Ambient particulate matter pollution,3,Rate,2023,32.128914161895935,51.74286425899011,17.304014842714917
1,All Population,3,YLDs (Years Lived with Disability),16,Philippines,3,Both,10,25-29 years,494,Stroke,86,Ambient particulate matter pollution,1,Number,2023,1139.4960693267053,1795.1820777675848,606.6569365153102
1,All Population,3,YLDs (Years Lived with Disability),16,Philippines,3,Both,10,25-29 years,494,Stroke,86,Ambient particulate matter pollution,2,Percent,2023,0.12906574256556488,0.1856501881518197,0.0783161476970219
1,All Population,3,YLDs (Years Lived with Disability),16,Philippines,3,Both,10,25-29 years,494,Stroke,86,Ambient particulate matter pollution,3,Rate,2023,11.605912576844938,18.28415807208538,6.178878154001415
1,All Population,3,YLDs (Years Lived with Disability),16,Philippines,3,Both,11,30-34 years,494,Stroke,86,Ambient particulate matter pollution,1,Number,2023,1420.8153910307121,2284.661783597421,757.7042857517288
1,All Population,3,YLDs (Years Lived with Disability),16,Philippines,3,Both,11,30-34 years,494,Stroke,86,Ambient particulate matter pollution,2,Percent,2023,0.13127361345429872,0.1908959022922181,0.080351260004571
1,All Population,3,YLDs (Years Lived with Disability),16,Philippines,3,Both,11,30-34 years,494,Stroke,86,Ambient particulate matter pollution,3,Rate,2023,15.827143164744674,25.44994188568421,8.440430954533486
1,All Population,3,YLDs (Years Lived with Disability),16,Philippines,3,Both,12,35-39 years,494,Stroke,86,Ambient particulate matter pollution,1,Number,2023,1661.3495838796312,2663.1595756973725,911.5093798344136
1,All Population,3,YLDs (Years Lived with Disability),16,Philippines,3,Both,12,35-39 years,494,Stroke,86,Ambient particulate matter pollution,2,Percent,2023,0.13184777272243753,0.190834369504846,0.0806706304100671
1,All Population,3,YLDs (Years Lived with Disability),16,Philippines,3,Both,12,35-39 years,494,Stroke,86,Ambient particulate matter pollution,3,Rate,2023,21.416918771178594,34.331529535285036,11.750520502429913
1,All Population,3,YLDs (Years Lived with Disability),16,Philippines,3,Both,13,40-44 years,494,Stroke,86,Ambient particulate matter pollution,1,Number,2023,2055.366333366893,3375.1753110671953,1131.0793188845992
1,All Population,3,YLDs (Years Lived with Disability),16,Philippines,3,Both,13,40-44 years,494,Stroke,86,Ambient particulate matter pollution,2,Percent,2023,0.13231911603475568,0.1918751725914071,0.08161891744520923
1,All Population,3,YLDs (Years Lived with Disability),16,Philippines,3,Both,13,40-44 years,494,Stroke,86,Ambient particulate matter pollution,3,Rate,2023,29.082142639883553,47.756610701255475,16.004061930381194
1,All Population,3,YLDs (Years Lived with Disability),16,Philippines,3,Both,14,45-49 years,494,Stroke,86,Ambient particulate matter pollution,1,Number,2023,2321.160482470765,3757.7059654343643,1279.4475194549373
1,All Population,3,YLDs (Years Lived with Disability),16,Philippines,3,Both,14,45-49 years,494,Stroke,86,Ambient particulate matter pollution,2,Percent,2023,0.13076067560430715,0.18978155448125006,0.08009036472761501
1,All Population,3,YLDs (Years Lived with Disability),16,Philippines,3,Both,14,45-49 years,494,Stroke,86,Ambient particulate matter pollution,3,Rate,2023,38.61121699281671,62.507354197305226,21.282899729539853
1,All Population,3,YLDs (Years Lived with Disability),16,Philippines,3,Both,15,50-54 years,494,Stroke,86,Ambient particulate matter pollution,1,Number,2023,2766.104740478921,4498.474013597414,1532.1579227831253
1,All Population,3,YLDs (Years Lived with Disability),16,Philippines,3,Both,15,50-54 years,494,Stroke,86,Ambient particulate matter pollution,2,Percent,2023,0.13032519579937085,0.18879781831533862,0.07931019092692071
1,All Population,3,YLDs (Years Lived with Disability),16,Philippines,3,Both,15,50-54 years,494,Stroke,86,Ambient particulate matter pollution,3,Rate,2023,52.02193449593465,84.60247981300628,28.815184736153856
1,All Population,3,YLDs (Years Lived with Disability),16,Philippines,3,Both,16,55-59 years,494,Stroke,86,Ambient particulate matter pollution,1,Number,2023,3135.5244089143866,5058.579016198934,1771.5045791944772
1,All Population,3,YLDs (Years Lived with Disability),16,Philippines,3,Both,16,55-59 years,494,Stroke,86,Ambient particulate matter pollution,2,Percent,2023,0.12967592923048887,0.1874660924208981,0.07929520919702283
1,All Population,3,YLDs (Years Lived with Disability),16,Philippines,3,Both,16,55-59 years,494,Stroke,86,Ambient particulate matter pollution,3,Rate,2023,70.6259103214505,113.94162550172383,39.90213668518252
1,All Population,3,YLDs (Years Lived with Disability),16,Philippines,3,Both,17,60-64 years,494,Stroke,86,Ambient particulate matter pollution,1,Number,2023,3447.471760179852,5649.240423769497,1844.2626286776638
1,All Population,3,YLDs (Years Lived with Disability),16,Philippines,3,Both,17,60-64 years,494,Stroke,86,Ambient particulate matter pollution,2,Percent,2023,0.12921758415663914,0.18743187702615227,0.07847096446151483
1,All Population,3,YLDs (Years Lived with Disability),16,Philippines,3,Both,17,60-64 years,494,Stroke,86,Ambient particulate matter pollution,3,Rate,2023,93.08850857163415,152.54058689776022,49.798713219640376
1,All Population,3,YLDs (Years Lived with Disability),16,Philippines,3,Both,18,65-69 years,494,Stroke,86,Ambient particulate matter pollution,1,Number,2023,3255.6735229879464,5156.698985563584,1755.6010477589089
1,All Population,3,YLDs (Years Lived with Disability),16,Philippines,3,Both,18,65-69 years,494,Stroke,86,Ambient particulate matter pollution,2,Percent,2023,0.1274947554086216,0.1834331631327094,0.0777385969430814
1,All Population,3,YLDs (Years Lived with Disability),16,Philippines,3,Both,18,65-69 years,494,Stroke,86,Ambient particulate matter pollution,3,Rate,2023,117.8329868763438,186.63703212277494,63.54068175448218
1,All Population,3,YLDs (Years Lived with Disability),16,Philippines,3,Both,19,70-74 years,494,Stroke,86,Ambient particulate matter pollution,1,Number,2023,2685.2416220384016,4254.038429472923,1425.8684148065572
1,All Population,3,YLDs (Years Lived with Disability),16,Philippines,3,Both,19,70-74 years,494,Stroke,86,Ambient particulate matter pollution,2,Percent,2023,0.1261212543209945,0.18186710531723435,0.07649217090384883
1,All Population,3,YLDs (Years Lived with Disability),16,Philippines,3,Both,19,70-74 years,494,Stroke,86,Ambient particulate matter pollution,3,Rate,2023,146.90525171548384,232.73160268335963,78.00696841251317
1,All Population,3,YLDs (Years Lived with Disability),16,Philippines,3,Both,20,75-79 years,494,Stroke,86,Ambient particulate matter pollution,1,Number,2023,1868.6394546455913,2947.195689935777,946.150490805553
1,All Population,3,YLDs (Years Lived with Disability),16,Philippines,3,Both,20,75-79 years,494,Stroke,86,Ambient particulate matter pollution,2,Percent,2023,0.1241191255593774,0.17979348376789286,0.07521537257291139
1,All Population,3,YLDs (Years Lived with Disability),16,Philippines,3,Both,20,75-79 years,494,Stroke,86,Ambient particulate matter pollution,3,Rate,2023,176.61627983545293,278.55707392320954,89.42633606238296
1,All Population,3,YLDs (Years Lived with Disability),16,Philippines,3,Both,21,80+ years,494,Stroke,86,Ambient particulate matter pollution,1,Number,2023,2047.7742950793233,3384.0039804987955,1036.8650969645007
1,All Population,3,YLDs (Years Lived with Disability),16,Philippines,3,Both,21,80+ years,494,Stroke,86,Ambient particulate matter pollution,2,Percent,2023,0.11916779882841314,0.1728585337629091,0.07169551210540377
1,All Population,3,YLDs (Years Lived with Disability),16,Philippines,3,Both,21,80+ years,494,Stroke,86,Ambient particulate matter pollution,3,Rate,2023,207.5757559827128,343.02471038359096,105.1034075736154
1,All Population,3,YLDs (Years Lived with Disability),16,Philippines,3,Both,22,All ages,494,Stroke,86,Ambient particulate matter pollution,1,Number,2023,27804.61766439913,43417.95502908131,15233.169974789747
1,All Population,3,YLDs (Years Lived with Disability),16,Philippines,3,Both,22,All ages,494,Stroke,86,Ambient particulate matter pollution,2,Percent,2023,0.11743242292750959,0.17094594925716242,0.0713996182168524
1,All Population,3,YLDs (Years Lived with Disability),16,Philippines,3,Both,22,All ages,494,Stroke,86,Ambient particulate matter pollution,3,Rate,2023,24.281074787238094,37.91581045618549,13.302745028505436
1,All Population,3,YLDs (Years Lived with Disability),16,Philippines,3,Both,24,15-49 years,494,Stroke,86,Ambient particulate matter pollution,1,Number,2023,8598.187860074702,13544.233577692012,4721.15258473799
1,All Population,3,YLDs (Years Lived with Disability),16,Philippines,3,Both,24,15-49 years,494,Stroke,86,Ambient particulate matter pollution,2,Percent,2023,0.11026069626192014,0.1602985196484882,0.06731223915080872
1,All Population,3,YLDs (Years Lived with Disability),16,Philippines,3,Both,24,15-49 years,494,Stroke,86,Ambient particulate matter pollution,3,Rate,2023,14.031403839314361,22.102867966523704,7.70446047254729
1,All Population,3,YLDs (Years Lived with Disability),16,Philippines,3,Both,25,50-69 years,494,Stroke,86,Ambient particulate matter pollution,1,Number,2023,12604.774432561102,19973.619233425736,6937.555274157088
1,All Population,3,YLDs (Years Lived with Disability),16,Philippines,3,Both,25,50-69 years,494,Stroke,86,Ambient particulate matter pollution,2,Percent,2023,0.12912369038330834,0.1867049617888925,0.078634972747034
1,All Population,3,YLDs (Years Lived with Disability),16,Philippines,3,Both,25,50-69 years,494,Stroke,86,Ambient particulate matter pollution,3,Rate,2023,77.6959672747997,123.11760711169177,42.76316648361492
1,All Population,3,YLDs (Years Lived with Disability),16,Philippines,3,Both,26,70+ years,494,Stroke,86,Ambient particulate matter pollution,1,Number,2023,6601.655371763315,10374.433390989287,3399.4521157778313
1,All Population,3,YLDs (Years Lived with Disability),16,Philippines,3,Both,26,70+ years,494,Stroke,86,Ambient particulate matter pollution,2,Percent,2023,0.12332537640283302,0.17838344266758877,0.07457209782619917
1,All Population,3,YLDs (Years Lived with Disability),16,Philippines,3,Both,26,70+ years,494,Stroke,86,Ambient particulate matter pollution,3,Rate,2023,170.4790548246533,267.9060779818887,87.78637341450282
1,All Population,3,YLDs (Years Lived with Disability),16,Philippines,3,Both,27,Age-standardized,494,Stroke,86,Ambient particulate matter pollution,2,Percent,2023,0.11952263873241584,0.17371955081437163,0.0726152066377529
1,All Population,3,YLDs (Years Lived with Disability),16,Philippines,3,Both,27,Age-standardized,494,Stroke,86,Ambient particulate matter pollution,3,Rate,2023,30.375540756900968,47.295262055523516,16.517296214433024
1,All Population,3,YLDs (Years Lived with Disability),16,Philippines,3,Both,30,80-84 years,494,Stroke,86,Ambient particulate matter pollution,1,Number,2023,1183.6002378337685,1918.3747102882953,577.0842030602689
1,All Population,3,YLDs (Years Lived with Disability),16,Philippines,3,Both,30,80-84 years,494,Stroke,86,Ambient particulate matter pollution,2,Percent,2023,0.11904751500951158,0.17218205673129347,0.07170712295221739
1,All Population,3,YLDs (Years Lived with Disability),16,Philippines,3,Both,30,80-84 years,494,Stroke,86,Ambient particulate matter pollution,3,Rate,2023,199.09001484324065,322.68432984197653,97.06968525398732
1,All Population,3,YLDs (Years Lived with Disability),16,Philippines,3,Both,31,85-89 years,494,Stroke,86,Ambient particulate matter pollution,1,Number,2023,614.521010549503,988.7354539904213,315.96513892579344
1,All Population,3,YLDs (Years Lived with Disability),16,Philippines,3,Both,31,85-89 years,494,Stroke,86,Ambient particulate matter pollution,2,Percent,2023,0.11999113925352288,0.1746504605287419,0.07244682950780212
1,All Population,3,YLDs (Years Lived with Disability),16,Philippines,3,Both,31,85-89 years,494,Stroke,86,Ambient particulate matter pollution,3,Rate,2023,218.38940497988725,351.3782991510797,112.28816834543841
1,All Population,3,YLDs (Years Lived with Disability),16,Philippines,3,Both,32,90-94 years,494,Stroke,86,Ambient particulate matter pollution,1,Number,2023,211.0506193207635,347.1545760264577,113.28332906721826
1,All Population,3,YLDs (Years Lived with Disability),16,Philippines,3,Both,32,90-94 years,494,Stroke,86,Ambient particulate matter pollution,2,Percent,2023,0.11832856762615242,0.17281697925260703,0.07144772980298691
1,All Population,3,YLDs (Years Lived with Disability),16,Philippines,3,Both,32,90-94 years,494,Stroke,86,Ambient particulate matter pollution,3,Rate,2023,226.13452897677573,371.9659140756284,121.37975402290715
1,All Population,3,YLDs (Years Lived with Disability),16,Philippines,3,Both,37,20+ years,494,Stroke,86,Ambient particulate matter pollution,1,Number,2023,27804.61766439913,43417.95502908131,15233.169974789747
1,All Population,3,YLDs (Years Lived with Disability),16,Philippines,3,Both,37,20+ years,494,Stroke,86,Ambient particulate matter pollution,2,Percent,2023,0.12430622369425091,0.18011290015751769,0.07564070548042758
1,All Population,3,YLDs (Years Lived with Disability),16,Philippines,3,Both,37,20+ years,494,Stroke,86,Ambient particulate matter pollution,3,Rate,2023,39.56395378836225,61.78060015388041,21.675695749793476
1,All Population,3,YLDs (Years Lived with Disability),16,Philippines,3,Both,41,50-74 years,494,Stroke,86,Ambient particulate matter pollution,1,Number,2023,15290.01605459951,23825.867007734465,8363.423688963645
1,All Population,3,YLDs (Years Lived with Disability),16,Philippines,3,Both,41,50-74 years,494,Stroke,86,Ambient particulate matter pollution,2,Percent,2023,0.12858606638855657,0.18588445989723246,0.07826160251403873
1,All Population,3,YLDs (Years Lived with Disability),16,Philippines,3,Both,41,50-74 years,494,Stroke,86,Ambient particulate matter pollution,3,Rate,2023,84.70418057966991,131.99139453377106,46.33199519768722
1,All Population,3,YLDs (Years Lived with Disability),16,Philippines,3,Both,157,25+ years,494,Stroke,86,Ambient particulate matter pollution,1,Number,2023,27804.61766439913,43417.95502908131,15233.169974789747
1,All Population,3,YLDs (Years Lived with Disability),16,Philippines,3,Both,157,25+ years,494,Stroke,86,Ambient particulate matter pollution,2,Percent,2023,0.12832163036675343,0.18567208911501368,0.07821239943566471
1,All Population,3,YLDs (Years Lived with Disability),16,Philippines,3,Both,157,25+ years,494,Stroke,86,Ambient particulate matter pollution,3,Rate,2023,46.552695159365875,72.69378235327582,25.504580811236167
1,All Population,3,YLDs (Years Lived with Disability),16,Philippines,3,Both,160,85+ years,494,Stroke,86,Ambient particulate matter pollution,1,Number,2023,864.1740572455533,1395.8525089064292,459.78089390423185
1,All Population,3,YLDs (Years Lived with Disability),16,Philippines,3,Both,160,85+ years,494,Stroke,86,Ambient particulate matter pollution,2,Percent,2023,0.11933790035815532,0.17381351179544863,0.0719693261589836
1,All Population,3,YLDs (Years Lived with Disability),16,Philippines,3,Both,160,85+ years,494,Stroke,86,Ambient particulate matter pollution,3,Rate,2023,220.44472737227437,356.0721630067956,117.28687404798904
1,All Population,3,YLDs (Years Lived with Disability),16,Philippines,3,Both,169,10-54 years,494,Stroke,86,Ambient particulate matter pollution,1,Number,2023,11364.292600553621,18180.842220872546,6290.310122328165
1,All Population,3,YLDs (Years Lived with Disability),16,Philippines,3,Both,169,10-54 years,494,Stroke,86,Ambient particulate matter pollution,2,Percent,2023,0.10990970963172406,0.16081939093653216,0.06709881313656724
1,All Population,3,YLDs (Years Lived with Disability),16,Philippines,3,Both,169,10-54 years,494,Stroke,86,Ambient particulate matter pollution,3,Rate,2023,14.485239122116452,23.173800276664828,8.017801853302705
1,All Population,3,YLDs (Years Lived with Disability),16,Philippines,3,Both,197,15-39 years,494,Stroke,86,Ambient particulate matter pollution,1,Number,2023,4221.661044237048,6667.403865642965,2277.0171286297
1,All Population,3,YLDs (Years Lived with Disability),16,Philippines,3,Both,197,15-39 years,494,Stroke,86,Ambient particulate matter pollution,2,Percent,2023,0.09445421750021037,0.1367434601671273,0.05685500953892772
1,All Population,3,YLDs (Years Lived with Disability),16,Philippines,3,Both,197,15-39 years,494,Stroke,86,Ambient particulate matter pollution,3,Rate,2023,8.75879662111959,13.83304671741765,4.724190247272106
1,All Population,3,YLDs (Years Lived with Disability),16,Philippines,3,Both,228,55+ years,494,Stroke,86,Ambient particulate matter pollution,1,Number,2023,16440.325063845496,25778.41294248066,8828.27801942483
1,All Population,3,YLDs (Years Lived with Disability),16,Philippines,3,Both,228,55+ years,494,Stroke,86,Ambient particulate matter pollution,2,Percent,2023,0.12653691895248728,0.18301127550395482,0.07694359855303111
1,All Population,3,YLDs (Years Lived with Disability),16,Philippines,3,Both,228,55+ years,494,Stroke,86,Ambient particulate matter pollution,3,Rate,2023,111.24542553183876,174.43271384142207,59.73759893252215
1,All Population,3,YLDs (Years Lived with Disability),16,Philippines,3,Both,231,60+ years,494,Stroke,86,Ambient particulate matter pollution,1,Number,2023,13304.800654931121,20748.849816941445,7056.663971301861
1,All Population,3,YLDs (Years Lived with Disability),16,Philippines,3,Both,231,60+ years,494,Stroke,86,Ambient particulate matter pollution,2,Percent,2023,0.12581866392650698,0.18191871928907058,0.07637247049523616
1,All Population,3,YLDs (Years Lived with Disability),16,Philippines,3,Both,231,60+ years,494,Stroke,86,Ambient particulate matter pollution,3,Rate,2023,128.68799799223163,200.6890605004333,68.25415746715288
1,All Population,3,YLDs (Years Lived with Disability),16,Philippines,3,Both,232,65-74 years,494,Stroke,86,Ambient particulate matter pollution,1,Number,2023,5940.915145026349,9263.205070263262,3181.4694625654656
1,All Population,3,YLDs (Years Lived with Disability),16,Philippines,3,Both,232,65-74 years,494,Stroke,86,Ambient particulate matter pollution,2,Percent,2023,0.12687093425579735,0.18269007333630022,0.0771767293617561
1,All Population,3,YLDs (Years Lived with Disability),16,Philippines,3,Both,232,65-74 years,494,Stroke,86,Ambient particulate matter pollution,3,Rate,2023,129.4083277971517,201.77630027057884,69.30054259956509
1,All Population,3,YLDs (Years Lived with Disability),16,Philippines,3,Both,234,75+ years,494,Stroke,86,Ambient particulate matter pollution,1,Number,2023,3916.4137497249158,6222.056070133125,1950.301019424518
1,All Population,3,YLDs (Years Lived with Disability),16,Philippines,3,Both,234,75+ years,494,Stroke,86,Ambient particulate matter pollution,2,Percent,2023,0.12147978490518856,0.17602953123885368,0.07335899458513652
1,All Population,3,YLDs (Years Lived with Disability),16,Philippines,3,Both,234,75+ years,494,Stroke,86,Ambient particulate matter pollution,3,Rate,2023,191.55464917838552,304.325294477967,95.39064344117149
1,All Population,3,YLDs (Years Lived with Disability),16,Philippines,3,Both,235,95+ years,494,Stroke,86,Ambient particulate matter pollution,1,Number,2023,38.602427375287526,64.95598010249519,20.78324436264034
1,All Population,3,YLDs (Years Lived with Disability),16,Philippines,3,Both,235,95+ years,494,Stroke,86,Ambient particulate matter pollution,2,Percent,2023,0.11477327203298106,0.1675760349815084,0.06807309003558652
1,All Population,3,YLDs (Years Lived with Disability),16,Philippines,3,Both,235,95+ years,494,Stroke,86,Ambient particulate matter pollution,3,Rate,2023,223.1802591867314,375.5435463699273,120.15850243046268
1,All Population,3,YLDs (Years Lived with Disability),16,Philippines,3,Both,243,75-84 years,494,Stroke,86,Ambient particulate matter pollution,1,Number,2023,3052.239692479361,4829.1520470479145,1514.1399962051182
1,All Population,3,YLDs (Years Lived with Disability),16,Philippines,3,Both,243,75-84 years,494,Stroke,86,Ambient particulate matter pollution,2,Percent,2023,0.12210161572590963,0.1766607832959511,0.0738315788901169
1,All Population,3,YLDs (Years Lived with Disability),16,Philippines,3,Both,243,75-84 years,494,Stroke,86,Ambient particulate matter pollution,3,Rate,2023,184.7013200427946,292.22828075228057,91.62571888366472
1,All Population,3,YLDs (Years Lived with Disability),16,Philippines,3,Both,284,20-54 years,494,Stroke,86,Ambient particulate matter pollution,1,Number,2023,11364.292600553621,18180.842220872546,6290.310122328165
1,All Population,3,YLDs (Years Lived with Disability),16,Philippines,3,Both,284,20-54 years,494,Stroke,86,Ambient particulate matter pollution,2,Percent,2023,0.12121321179960066,0.17606094134319822,0.07387368348031725
1,All Population,3,YLDs (Years Lived with Disability),16,Philippines,3,Both,284,20-54 years,494,Stroke,86,Ambient particulate matter pollution,3,Rate,2023,20.476489258568584,32.75873242029079,11.334050625081852
1,All Population,3,YLDs (Years Lived with Disability),16,Philippines,3,Both,420,<70 years,494,Stroke,86,Ambient particulate matter pollution,1,Number,2023,21202.9622926358,33548.36860169009,11799.374741365864
1,All Population,3,YLDs (Years Lived with Disability),16,Philippines,3,Both,420,<70 years,494,Stroke,86,Ambient particulate matter pollution,2,Percent,2023,0.11570720740919395,0.1688458155587303,0.07051382240589248
1,All Population,3,YLDs (Years Lived with Disability),16,Philippines,3,Both,420,<70 years,494,Stroke,86,Ambient particulate matter pollution,3,Rate,2023,19.164083237386006,30.32235399412071,10.664745641281584
1,All Population,3,YLDs (Years Lived with Disability),16,Philippines,3,Both,10,25-29 years,509,Chronic obstructive pulmonary disease,86,Ambient particulate matter pollution,1,Number,2023,1112.7669014634757,1529.1493191055815,794.8880158119515
1,All Population,3,YLDs (Years Lived with Disability),16,Philippines,3,Both,10,25-29 years,509,Chronic obstructive pulmonary disease,86,Ambient particulate matter pollution,2,Percent,2023,0.1847560557687756,0.22715246238270206,0.14792777213048786
1,All Population,3,YLDs (Years Lived with Disability),16,Philippines,3,Both,10,25-29 years,509,Chronic obstructive pulmonary disease,86,Ambient particulate matter pollution,3,Rate,2023,11.333672598293935,15.574580546791733,8.096035667193012
1,All Population,3,YLDs (Years Lived with Disability),16,Philippines,3,Both,11,30-34 years,509,Chronic obstructive pulmonary disease,86,Ambient particulate matter pollution,1,Number,2023,1342.8636243092162,1810.9989839401348,959.3965010635573
1,All Population,3,YLDs (Years Lived with Disability),16,Philippines,3,Both,11,30-34 years,509,Chronic obstructive pulmonary disease,86,Ambient particulate matter pollution,2,Percent,2023,0.18664043853937498,0.22799369384693435,0.15026155007352188
1,All Population,3,YLDs (Years Lived with Disability),16,Philippines,3,Both,11,30-34 years,509,Chronic obstructive pulmonary disease,86,Ambient particulate matter pollution,3,Rate,2023,14.958801098889882,20.173585091328793,10.687177144859502
1,All Population,3,YLDs (Years Lived with Disability),16,Philippines,3,Both,12,35-39 years,509,Chronic obstructive pulmonary disease,86,Ambient particulate matter pollution,1,Number,2023,1433.4599234613959,1929.7938674247416,1026.9232048884344
1,All Population,3,YLDs (Years Lived with Disability),16,Philippines,3,Both,12,35-39 years,509,Chronic obstructive pulmonary disease,86,Ambient particulate matter pollution,2,Percent,2023,0.18667276956892598,0.22790042660907264,0.15083366066565698
1,All Population,3,YLDs (Years Lived with Disability),16,Philippines,3,Both,12,35-39 years,509,Chronic obstructive pulmonary disease,86,Ambient particulate matter pollution,3,Rate,2023,18.47912988356153,24.877508565800294,13.238352166660832
1,All Population,3,YLDs (Years Lived with Disability),16,Philippines,3,Both,13,40-44 years,509,Chronic obstructive pulmonary disease,86,Ambient particulate matter pollution,1,Number,2023,1673.8803008039174,2208.7711019973976,1207.518946524953
1,All Population,3,YLDs (Years Lived with Disability),16,Philippines,3,Both,13,40-44 years,509,Chronic obstructive pulmonary disease,86,Ambient particulate matter pollution,2,Percent,2023,0.1870791681325407,0.228807447153531,0.15212994916367664
1,All Population,3,YLDs (Years Lived with Disability),16,Philippines,3,Both,13,40-44 years,509,Chronic obstructive pulmonary disease,86,Ambient particulate matter pollution,3,Rate,2023,23.684354890803384,31.252723762345852,17.085634649700197
1,All Population,3,YLDs (Years Lived with Disability),16,Philippines,3,Both,14,45-49 years,509,Chronic obstructive pulmonary disease,86,Ambient particulate matter pollution,1,Number,2023,2139.683628329512,2941.5646246876568,1547.4610482714652
1,All Population,3,YLDs (Years Lived with Disability),16,Philippines,3,Both,14,45-49 years,509,Chronic obstructive pulmonary disease,86,Ambient particulate matter pollution,2,Percent,2023,0.18649711025135915,0.22820201954913352,0.1488133098465907
1,All Population,3,YLDs (Years Lived with Disability),16,Philippines,3,Both,14,45-49 years,509,Chronic obstructive pulmonary disease,86,Ambient particulate matter pollution,3,Rate,2023,35.592450196062096,48.93129573760053,25.741156104441686
1,All Population,3,YLDs (Years Lived with Disability),16,Philippines,3,Both,15,50-54 years,509,Chronic obstructive pulmonary disease,86,Ambient particulate matter pollution,1,Number,2023,2923.271141050615,3910.2001104837027,2067.998208199617
1,All Population,3,YLDs (Years Lived with Disability),16,Philippines,3,Both,15,50-54 years,509,Chronic obstructive pulmonary disease,86,Ambient particulate matter pollution,2,Percent,2023,0.18697765468152436,0.2287113063527182,0.1501680980789592
1,All Population,3,YLDs (Years Lived with Disability),16,Philippines,3,Both,15,50-54 years,509,Chronic obstructive pulmonary disease,86,Ambient particulate matter pollution,3,Rate,2023,54.97775177785255,73.53885448978346,38.892694752420745
1,All Population,3,YLDs (Years Lived with Disability),16,Philippines,3,Both,16,55-59 years,509,Chronic obstructive pulmonary disease,86,Ambient particulate matter pollution,1,Number,2023,3382.4775395547567,4554.764214555323,2401.135903660933
1,All Population,3,YLDs (Years Lived with Disability),16,Philippines,3,Both,16,55-59 years,509,Chronic obstructive pulmonary disease,86,Ambient particulate matter pollution,2,Percent,2023,0.1860408032154316,0.22905015728790046,0.14977560731913556
1,All Population,3,YLDs (Years Lived with Disability),16,Philippines,3,Both,16,55-59 years,509,Chronic obstructive pulmonary disease,86,Ambient particulate matter pollution,3,Rate,2023,76.1883896338813,102.59348262063534,54.08422543911451
1,All Population,3,YLDs (Years Lived with Disability),16,Philippines,3,Both,17,60-64 years,509,Chronic obstructive pulmonary disease,86,Ambient particulate matter pollution,1,Number,2023,3761.383402535479,4859.24219252708,2687.3197977915524
1,All Population,3,YLDs (Years Lived with Disability),16,Philippines,3,Both,17,60-64 years,509,Chronic obstructive pulmonary disease,86,Ambient particulate matter pollution,2,Percent,2023,0.18567939892056964,0.2283469712979193,0.14979304609414337
1,All Population,3,YLDs (Years Lived with Disability),16,Philippines,3,Both,17,60-64 years,509,Chronic obstructive pulmonary disease,86,Ambient particulate matter pollution,3,Rate,2023,101.56473945702741,131.2090830490531,72.56291260189772
1,All Population,3,YLDs (Years Lived with Disability),16,Philippines,3,Both,18,65-69 years,509,Chronic obstructive pulmonary disease,86,Ambient particulate matter pollution,1,Number,2023,3753.676400894873,4992.489597724791,2615.047961068056
1,All Population,3,YLDs (Years Lived with Disability),16,Philippines,3,Both,18,65-69 years,509,Chronic obstructive pulmonary disease,86,Ambient particulate matter pollution,2,Percent,2023,0.18461561818932393,0.22611816302838145,0.14918276708483752
1,All Population,3,YLDs (Years Lived with Disability),16,Philippines,3,Both,18,65-69 years,509,Chronic obstructive pulmonary disease,86,Ambient particulate matter pollution,3,Rate,2023,135.85726546645637,180.6937818227808,94.64674817723814
1,All Population,3,YLDs (Years Lived with Disability),16,Philippines,3,Both,19,70-74 years,509,Chronic obstructive pulmonary disease,86,Ambient particulate matter pollution,1,Number,2023,3235.9806225461653,4482.778628930097,2317.299842140304
1,All Population,3,YLDs (Years Lived with Disability),16,Philippines,3,Both,19,70-74 years,509,Chronic obstructive pulmonary disease,86,Ambient particulate matter pollution,2,Percent,2023,0.18387385407891874,0.22537120228413005,0.14875792292601553
1,All Population,3,YLDs (Years Lived with Disability),16,Philippines,3,Both,19,70-74 years,509,Chronic obstructive pulmonary disease,86,Ambient particulate matter pollution,3,Rate,2023,177.035296935664,245.24561121909704,126.77574852703664
1,All Population,3,YLDs (Years Lived with Disability),16,Philippines,3,Both,20,75-79 years,509,Chronic obstructive pulmonary disease,86,Ambient particulate matter pollution,1,Number,2023,2266.940934372911,3078.297703501976,1578.5511659329065
1,All Population,3,YLDs (Years Lived with Disability),16,Philippines,3,Both,20,75-79 years,509,Chronic obstructive pulmonary disease,86,Ambient particulate matter pollution,2,Percent,2023,0.18244561263469547,0.2221559849703125,0.14747517506270275
1,All Population,3,YLDs (Years Lived with Disability),16,Philippines,3,Both,20,75-79 years,509,Chronic obstructive pulmonary disease,86,Ambient particulate matter pollution,3,Rate,2023,214.26213250516295,290.9483085497901,149.19830241402232
1,All Population,3,YLDs (Years Lived with Disability),16,Philippines,3,Both,21,80+ years,509,Chronic obstructive pulmonary disease,86,Ambient particulate matter pollution,1,Number,2023,2569.683578103209,3545.782372937547,1809.0655990762332
1,All Population,3,YLDs (Years Lived with Disability),16,Philippines,3,Both,21,80+ years,509,Chronic obstructive pulmonary disease,86,Ambient particulate matter pollution,2,Percent,2023,0.17597473652746737,0.21346926243477501,0.14118157237352658
1,All Population,3,YLDs (Years Lived with Disability),16,Philippines,3,Both,21,80+ years,509,Chronic obstructive pulmonary disease,86,Ambient particulate matter pollution,3,Rate,2023,260.4798842542723,359.423623189966,183.3786859484054
1,All Population,3,YLDs (Years Lived with Disability),16,Philippines,3,Both,22,All ages,509,Chronic obstructive pulmonary disease,86,Ambient particulate matter pollution,1,Number,2023,29596.06799742553,39252.101982988876,21716.693875243083
1,All Population,3,YLDs (Years Lived with Disability),16,Philippines,3,Both,22,All ages,509,Chronic obstructive pulmonary disease,86,Ambient particulate matter pollution,2,Percent,2023,0.17594683716354562,0.21489895562317707,0.14126784608559545
1,All Population,3,YLDs (Years Lived with Disability),16,Philippines,3,Both,22,All ages,509,Chronic obstructive pulmonary disease,86,Ambient particulate matter pollution,3,Rate,2023,25.845503402616323,34.277875542434536,18.964643732234844
1,All Population,3,YLDs (Years Lived with Disability),16,Philippines,3,Both,24,15-49 years,509,Chronic obstructive pulmonary disease,86,Ambient particulate matter pollution,1,Number,2023,7702.654378367521,10279.513073613489,5729.515203357217
1,All Population,3,YLDs (Years Lived with Disability),16,Philippines,3,Both,24,15-49 years,509,Chronic obstructive pulmonary disease,86,Ambient particulate matter pollution,2,Percent,2023,0.1567207522848759,0.19336912540655538,0.1276649765723811
1,All Population,3,YLDs (Years Lived with Disability),16,Philippines,3,Both,24,15-49 years,509,Chronic obstructive pulmonary disease,86,Ambient particulate matter pollution,3,Rate,2023,12.569980555949208,16.775162575492885,9.350009900934863
1,All Population,3,YLDs (Years Lived with Disability),16,Philippines,3,Both,25,50-69 years,509,Chronic obstructive pulmonary disease,86,Ambient particulate matter pollution,1,Number,2023,13820.808484035719,18124.31768583163,9945.507207630353
1,All Population,3,YLDs (Years Lived with Disability),16,Philippines,3,Both,25,50-69 years,509,Chronic obstructive pulmonary disease,86,Ambient particulate matter pollution,2,Percent,2023,0.185749310775548,0.2281678508495193,0.14969113257342595
1,All Population,3,YLDs (Years Lived with Disability),16,Philippines,3,Both,25,50-69 years,509,Chronic obstructive pulmonary disease,86,Ambient particulate matter pollution,3,Rate,2023,85.19161444991674,111.71849217378855,61.30421505514604
1,All Population,3,YLDs (Years Lived with Disability),16,Philippines,3,Both,26,70+ years,509,Chronic obstructive pulmonary disease,86,Ambient particulate matter pollution,1,Number,2023,8072.605135022287,10907.739984074615,5773.871151236188
1,All Population,3,YLDs (Years Lived with Disability),16,Philippines,3,Both,26,70+ years,509,Chronic obstructive pulmonary disease,86,Ambient particulate matter pollution,2,Percent,2023,0.1808815966597194,0.22065946282864546,0.14611666878656598
1,All Population,3,YLDs (Years Lived with Disability),16,Philippines,3,Both,26,70+ years,509,Chronic obstructive pulmonary disease,86,Ambient particulate matter pollution,3,Rate,2023,208.46439504818528,281.67801832124917,149.10261761803594
1,All Population,3,YLDs (Years Lived with Disability),16,Philippines,3,Both,27,Age-standardized,509,Chronic obstructive pulmonary disease,86,Ambient particulate matter pollution,2,Percent,2023,0.17784351303016055,0.21701608166328162,0.14299240152958337
1,All Population,3,YLDs (Years Lived with Disability),16,Philippines,3,Both,27,Age-standardized,509,Chronic obstructive pulmonary disease,86,Ambient particulate matter pollution,3,Rate,2023,33.23615609732279,44.40814495963478,24.334558457599172
1,All Population,3,YLDs (Years Lived with Disability),16,Philippines,3,Both,30,80-84 years,509,Chronic obstructive pulmonary disease,86,Ambient particulate matter pollution,1,Number,2023,1441.2230052537893,2010.0698533785987,1023.0735417311942
1,All Population,3,YLDs (Years Lived with Disability),16,Philippines,3,Both,30,80-84 years,509,Chronic obstructive pulmonary disease,86,Ambient particulate matter pollution,2,Percent,2023,0.17666254754547028,0.21436118742959479,0.14227800100367155
1,All Population,3,YLDs (Years Lived with Disability),16,Philippines,3,Both,30,80-84 years,509,Chronic obstructive pulmonary disease,86,Ambient particulate matter pollution,3,Rate,2023,242.4240046061011,338.108107917852,172.08827786463866
1,All Population,3,YLDs (Years Lived with Disability),16,Philippines,3,Both,31,85-89 years,509,Chronic obstructive pulmonary disease,86,Ambient particulate matter pollution,1,Number,2023,784.2600579352337,1080.528812989413,546.2257686224824
1,All Population,3,YLDs (Years Lived with Disability),16,Philippines,3,Both,31,85-89 years,509,Chronic obstructive pulmonary disease,86,Ambient particulate matter pollution,2,Percent,2023,0.1766601157533816,0.2150046975898688,0.1412129987373387
1,All Population,3,YLDs (Years Lived with Disability),16,Philippines,3,Both,31,85-89 years,509,Chronic obstructive pulmonary disease,86,Ambient particulate matter pollution,3,Rate,2023,278.7115240353053,383.99996172852246,194.1185387420309
1,All Population,3,YLDs (Years Lived with Disability),16,Philippines,3,Both,32,90-94 years,509,Chronic obstructive pulmonary disease,86,Ambient particulate matter pollution,1,Number,2023,288.43297394980016,396.480188480258,200.43876531208795
1,All Population,3,YLDs (Years Lived with Disability),16,Philippines,3,Both,32,90-94 years,509,Chronic obstructive pulmonary disease,86,Ambient particulate matter pollution,2,Percent,2023,0.17267771688010788,0.20931288583917065,0.137938372386299
1,All Population,3,YLDs (Years Lived with Disability),16,Philippines,3,Both,32,90-94 years,509,Chronic obstructive pulmonary disease,86,Ambient particulate matter pollution,3,Rate,2023,309.0474451836482,424.81685653971317,214.76423963317998
1,All Population,3,YLDs (Years Lived with Disability),16,Philippines,3,Both,37,20+ years,509,Chronic obstructive pulmonary disease,86,Ambient particulate matter pollution,1,Number,2023,29596.06799742553,39252.101982988876,21716.693875243083
1,All Population,3,YLDs (Years Lived with Disability),16,Philippines,3,Both,37,20+ years,509,Chronic obstructive pulmonary disease,86,Ambient particulate matter pollution,2,Percent,2023,0.17938228210801915,0.21932526530233526,0.1441827032918947
1,All Population,3,YLDs (Years Lived with Disability),16,Philippines,3,Both,37,20+ years,509,Chronic obstructive pulmonary disease,86,Ambient particulate matter pollution,3,Rate,2023,42.113057647493996,55.85289349040269,30.90127989841914
1,All Population,3,YLDs (Years Lived with Disability),16,Philippines,3,Both,41,50-74 years,509,Chronic obstructive pulmonary disease,86,Ambient particulate matter pollution,1,Number,2023,17056.789106581884,22446.68147554863,12203.004595765538
1,All Population,3,YLDs (Years Lived with Disability),16,Philippines,3,Both,41,50-74 years,509,Chronic obstructive pulmonary disease,86,Ambient particulate matter pollution,2,Percent,2023,0.1853878561001802,0.22757862401875578,0.14950757778370405
1,All Population,3,YLDs (Years Lived with Disability),16,Philippines,3,Both,41,50-74 years,509,Chronic obstructive pulmonary disease,86,Ambient particulate matter pollution,3,Rate,2023,94.49181344441045,124.3509329440663,67.60264352916266
1,All Population,3,YLDs (Years Lived with Disability),16,Philippines,3,Both,157,25+ years,509,Chronic obstructive pulmonary disease,86,Ambient particulate matter pollution,1,Number,2023,29596.06799742553,39252.101982988876,21716.693875243083
1,All Population,3,YLDs (Years Lived with Disability),16,Philippines,3,Both,157,25+ years,509,Chronic obstructive pulmonary disease,86,Ambient particulate matter pollution,2,Percent,2023,0.1845577602743489,0.2256818355374577,0.14842007130662083
1,All Population,3,YLDs (Years Lived with Disability),16,Philippines,3,Both,157,25+ years,509,Chronic obstructive pulmonary disease,86,Ambient particulate matter pollution,3,Rate,2023,49.552083327659396,65.71898092733261,36.35981051945556
1,All Population,3,YLDs (Years Lived with Disability),16,Philippines,3,Both,160,85+ years,509,Chronic obstructive pulmonary disease,86,Ambient particulate matter pollution,1,Number,2023,1128.46057284942,1546.6440158152488,780.3825889481933
1,All Population,3,YLDs (Years Lived with Disability),16,Philippines,3,Both,160,85+ years,509,Chronic obstructive pulmonary disease,86,Ambient particulate matter pollution,2,Percent,2023,0.17510751148717407,0.2127383329211858,0.13967534713946095
1,All Population,3,YLDs (Years Lived with Disability),16,Philippines,3,Both,160,85+ years,509,Chronic obstructive pulmonary disease,86,Ambient particulate matter pollution,3,Rate,2023,287.8623597253685,394.53801644437885,199.07011281394162
1,All Population,3,YLDs (Years Lived with Disability),16,Philippines,3,Both,169,10-54 years,509,Chronic obstructive pulmonary disease,86,Ambient particulate matter pollution,1,Number,2023,10625.925519418142,14234.307022659325,7847.846240120218
1,All Population,3,YLDs (Years Lived with Disability),16,Philippines,3,Both,169,10-54 years,509,Chronic obstructive pulmonary disease,86,Ambient particulate matter pollution,2,Percent,2023,0.16400262570666987,0.20132747022128758,0.13294013079530054
1,All Population,3,YLDs (Years Lived with Disability),16,Philippines,3,Both,169,10-54 years,509,Chronic obstructive pulmonary disease,86,Ambient particulate matter pollution,3,Rate,2023,13.544096183784715,18.14343824188381,10.003080119232935
1,All Population,3,YLDs (Years Lived with Disability),16,Philippines,3,Both,197,15-39 years,509,Chronic obstructive pulmonary disease,86,Ambient particulate matter pollution,1,Number,2023,3889.090449234087,5225.396099461845,2808.9458727293377
1,All Population,3,YLDs (Years Lived with Disability),16,Philippines,3,Both,197,15-39 years,509,Chronic obstructive pulmonary disease,86,Ambient particulate matter pollution,2,Percent,2023,0.13537212449654962,0.16780513602490726,0.11079861697611909
1,All Population,3,YLDs (Years Lived with Disability),16,Philippines,3,Both,197,15-39 years,509,Chronic obstructive pulmonary disease,86,Ambient particulate matter pollution,3,Rate,2023,8.068803233855096,10.841273427779239,5.827797485673286
1,All Population,3,YLDs (Years Lived with Disability),16,Philippines,3,Both,228,55+ years,509,Chronic obstructive pulmonary disease,86,Ambient particulate matter pollution,1,Number,2023,18970.142478007387,25525.912605969665,13873.943654626999
1,All Population,3,YLDs (Years Lived with Disability),16,Philippines,3,Both,228,55+ years,509,Chronic obstructive pulmonary disease,86,Ambient particulate matter pollution,2,Percent,2023,0.18345336324413955,0.22395962572379446,0.14802341783695416
1,All Population,3,YLDs (Years Lived with Disability),16,Philippines,3,Both,228,55+ years,509,Chronic obstructive pulmonary disease,86,Ambient particulate matter pollution,3,Rate,2023,128.3637375885267,172.7241401196123,93.87969883015931
1,All Population,3,YLDs (Years Lived with Disability),16,Philippines,3,Both,231,60+ years,509,Chronic obstructive pulmonary disease,86,Ambient particulate matter pollution,1,Number,2023,15587.664938452637,21023.190207896663,11309.492134175061
1,All Population,3,YLDs (Years Lived with Disability),16,Philippines,3,Both,231,60+ years,509,Chronic obstructive pulmonary disease,86,Ambient particulate matter pollution,2,Percent,2023,0.18290406983085575,0.2227472467493713,0.1476844894368794
1,All Population,3,YLDs (Years Lived with Disability),16,Philippines,3,Both,231,60+ years,509,Chronic obstructive pulmonary disease,86,Ambient particulate matter pollution,3,Rate,2023,150.7685418465638,203.34256254049194,109.3887791935064
1,All Population,3,YLDs (Years Lived with Disability),16,Philippines,3,Both,232,65-74 years,509,Chronic obstructive pulmonary disease,86,Ambient particulate matter pollution,1,Number,2023,6989.657023441031,9337.521391883192,5028.023929056135
1,All Population,3,YLDs (Years Lived with Disability),16,Philippines,3,Both,232,65-74 years,509,Chronic obstructive pulmonary disease,86,Ambient particulate matter pollution,2,Percent,2023,0.1842701971450639,0.2257687686117293,0.1489893672364559
1,All Population,3,YLDs (Years Lived with Disability),16,Philippines,3,Both,232,65-74 years,509,Chronic obstructive pulmonary disease,86,Ambient particulate matter pollution,3,Rate,2023,152.25260842790735,203.39509984507228,109.52322207933726
1,All Population,3,YLDs (Years Lived with Disability),16,Philippines,3,Both,234,75+ years,509,Chronic obstructive pulmonary disease,86,Ambient particulate matter pollution,1,Number,2023,4836.624512476119,6565.915596615617,3455.0061633548175
1,All Population,3,YLDs (Years Lived with Disability),16,Philippines,3,Both,234,75+ years,509,Chronic obstructive pulmonary disease,86,Ambient particulate matter pollution,2,Percent,2023,0.17894564591802142,0.21778087255478495,0.14443526583788227
1,All Population,3,YLDs (Years Lived with Disability),16,Philippines,3,Both,234,75+ years,509,Chronic obstructive pulmonary disease,86,Ambient particulate matter pollution,3,Rate,2023,236.5628278575054,321.1437143823058,168.98686804403056
1,All Population,3,YLDs (Years Lived with Disability),16,Philippines,3,Both,235,95+ years,509,Chronic obstructive pulmonary disease,86,Ambient particulate matter pollution,1,Number,2023,55.76754096438637,76.75742695838024,37.1298708063962
1,All Population,3,YLDs (Years Lived with Disability),16,Philippines,3,Both,235,95+ years,509,Chronic obstructive pulmonary disease,86,Ambient particulate matter pollution,2,Percent,2023,0.16668446452063734,0.202452945180591,0.1324409812953531
1,All Population,3,YLDs (Years Lived with Disability),16,Philippines,3,Both,235,95+ years,509,Chronic obstructive pulmonary disease,86,Ambient particulate matter pollution,3,Rate,2023,322.4205080586776,443.7737108222539,214.66666097392354
1,All Population,3,YLDs (Years Lived with Disability),16,Philippines,3,Both,243,75-84 years,509,Chronic obstructive pulmonary disease,86,Ambient particulate matter pollution,1,Number,2023,3708.1639396266987,5066.432766891738,2631.787242931711
1,All Population,3,YLDs (Years Lived with Disability),16,Philippines,3,Both,243,75-84 years,509,Chronic obstructive pulmonary disease,86,Ambient particulate matter pollution,2,Percent,2023,0.18015006683059778,0.2192870287450803,0.1456607453503565
1,All Population,3,YLDs (Years Lived with Disability),16,Philippines,3,Both,243,75-84 years,509,Chronic obstructive pulmonary disease,86,Ambient particulate matter pollution,3,Rate,2023,224.39350889503316,306.58693753924416,159.25832399041204
1,All Population,3,YLDs (Years Lived with Disability),16,Philippines,3,Both,284,20-54 years,509,Chronic obstructive pulmonary disease,86,Ambient particulate matter pollution,1,Number,2023,10625.925519418142,14234.307022659325,7847.846240120218
1,All Population,3,YLDs (Years Lived with Disability),16,Philippines,3,Both,284,20-54 years,509,Chronic obstructive pulmonary disease,86,Ambient particulate matter pollution,2,Percent,2023,0.17257538077106035,0.21216181450322075,0.13870725776512166
1,All Population,3,YLDs (Years Lived with Disability),16,Philippines,3,Both,284,20-54 years,509,Chronic obstructive pulmonary disease,86,Ambient particulate matter pollution,3,Rate,2023,19.14607951489349,25.647758738493916,14.140461257649324
1,All Population,3,YLDs (Years Lived with Disability),16,Philippines,3,Both,420,<70 years,509,Chronic obstructive pulmonary disease,86,Ambient particulate matter pollution,1,Number,2023,21523.46286240326,28197.647384400196,15804.699426929206
1,All Population,3,YLDs (Years Lived with Disability),16,Philippines,3,Both,420,<70 years,509,Chronic obstructive pulmonary disease,86,Ambient particulate matter pollution,2,Percent,2023,0.17417401884987033,0.21303189937548017,0.13978526236739852
1,All Population,3,YLDs (Years Lived with Disability),16,Philippines,3,Both,420,<70 years,509,Chronic obstructive pulmonary disease,86,Ambient particulate matter pollution,3,Rate,2023,19.453764439091792,25.48615868457165,14.28491788926754
